date,day_of_week,hour,meal_period,weather,promo_active,guests,servers_on_shift,kitchen_staff,wait_time_minutes,table_turn_time,avg_ticket,revenue,customer_satisfaction,complaints
2025-06-13,Friday,12,Lunch,Sunny,1,59,11,4,28.8,88.4,18.58,1026.71,2.9,1
2025-01-07,Tuesday,17,Dinner,Sunny,0,24,4,2,14.9,85.7,22.1,540.53,3.4,1
2025-03-04,Tuesday,14,Lunch,Cloudy,0,28,4,2,32.9,84.6,18.77,648.94,2.3,2
2025-02-05,Wednesday,12,Lunch,Sunny,1,45,8,2,15.3,80.4,20.19,776.46,3.5,1
2025-06-23,Monday,21,Dinner,Rainy,1,39,7,4,25.3,86.2,20.79,584.59,3.8,0
2025-01-23,Thursday,19,Dinner,Sunny,0,43,8,3,26.8,84.0,20.42,932.27,3.8,2
2025-01-09,Thursday,11,Lunch,Sunny,0,20,4,2,20.4,73.0,17.02,250.0,3.9,0
2025-01-24,Friday,14,Lunch,Sunny,0,54,9,3,25.8,81.3,26.87,1345.67,3.1,0
2025-03-01,Saturday,21,Dinner,Sunny,1,26,4,2,21.4,81.5,20.12,250.0,3.2,2
2025-06-04,Wednesday,11,Lunch,Sunny,0,49,8,6,19.8,79.3,22.86,944.84,4.1,0
2025-05-24,Saturday,14,Lunch,Cloudy,0,52,10,5,16.3,75.4,21.03,1232.03,4.6,0
2025-06-16,Monday,21,Dinner,Cloudy,0,43,6,4,18.2,88.3,19.87,806.1,4.1,2
2025-04-18,Friday,14,Lunch,Sunny,0,32,3,3,31.8,77.1,25.47,997.6,3.0,0
2025-04-25,Friday,17,Dinner,Sunny,1,61,12,5,21.3,70.0,22.99,1279.29,4.0,2
2025-01-02,Thursday,13,Lunch,Sunny,0,39,7,3,27.8,86.0,33.94,1337.72,2.6,1
2025-06-28,Saturday,19,Dinner,Sunny,0,44,7,4,19.7,83.0,27.18,1144.6,3.3,3
2025-03-29,Saturday,17,Dinner,Sunny,0,39,7,3,26.1,89.2,19.16,954.54,3.6,4
2025-02-09,Sunday,14,Lunch,Cloudy,0,28,5,2,20.4,83.3,19.91,521.96,3.4,1
2025-03-28,Friday,12,Lunch,Sunny,0,45,7,4,22.5,69.9,20.14,1008.24,3.2,0
2025-01-24,Friday,19,Dinner,Cloudy,0,47,9,4,21.1,81.2,27.19,1183.64,3.4,0
2025-01-25,Saturday,18,Dinner,Sunny,1,36,6,3,16.0,71.9,19.75,975.82,4.1,1
2025-03-30,Sunday,17,Dinner,Rainy,1,59,10,3,28.5,76.4,22.0,1158.96,3.1,2
2025-01-12,Sunday,20,Dinner,Sunny,0,50,9,4,19.3,77.0,32.39,1680.25,4.1,0
2025-05-18,Sunday,12,Lunch,Sunny,0,35,5,3,26.2,93.4,18.05,951.71,2.5,4
2025-04-07,Monday,12,Lunch,Sunny,0,30,5,3,19.1,71.5,21.58,790.2,4.3,3
2025-05-22,Thursday,17,Dinner,Sunny,1,25,3,2,30.3,95.6,19.65,530.49,2.7,3
2025-06-10,Tuesday,18,Dinner,Sunny,1,52,8,3,40.5,75.0,18.01,757.02,2.3,1
2025-05-28,Wednesday,14,Lunch,Sunny,0,41,4,5,21.8,84.5,25.46,1247.54,3.4,2
2025-01-18,Saturday,11,Lunch,Sunny,1,55,7,3,26.7,83.5,26.04,1408.21,3.2,0
2025-06-19,Thursday,14,Lunch,Sunny,0,24,5,2,23.0,79.5,17.22,286.66,3.3,1
2025-03-16,Sunday,12,Lunch,Rainy,0,34,5,3,25.0,80.4,32.1,1152.33,3.2,3
2025-03-01,Saturday,12,Lunch,Sunny,1,71,11,6,21.7,76.8,14.55,761.53,2.8,2
2025-04-08,Tuesday,17,Dinner,Rainy,1,41,5,5,28.1,78.1,12.79,507.21,3.6,1
2025-04-27,Sunday,18,Dinner,Sunny,1,43,7,3,25.9,72.0,20.31,950.5,3.6,1
2025-02-11,Tuesday,18,Dinner,Sunny,1,31,6,2,27.6,82.1,27.49,814.85,3.5,0
2025-04-01,Tuesday,14,Lunch,Sunny,1,57,10,4,22.0,89.8,24.68,1436.78,2.7,2
2025-06-21,Saturday,17,Dinner,Rainy,1,30,4,2,24.3,63.0,21.95,758.95,3.5,0
2025-06-29,Sunday,12,Lunch,Sunny,1,33,7,2,18.9,72.5,18.3,388.79,3.7,1
2025-06-05,Thursday,13,Lunch,Cloudy,0,40,7,4,18.0,69.9,25.32,930.71,3.3,1
2025-05-17,Saturday,14,Lunch,Sunny,0,53,7,4,28.9,74.6,23.32,1464.53,2.1,1
2025-02-11,Tuesday,20,Dinner,Sunny,0,24,3,2,22.2,80.1,26.64,797.66,3.8,1
2025-04-08,Tuesday,17,Dinner,Cloudy,0,30,6,2,18.0,87.0,17.76,250.0,4.2,2
2025-06-13,Friday,21,Dinner,Sunny,0,38,5,2,21.3,78.2,19.68,788.41,3.6,0
2025-02-26,Wednesday,18,Dinner,Sunny,1,45,7,3,20.6,81.6,19.79,1133.49,4.0,0
2025-01-15,Wednesday,14,Lunch,Sunny,0,27,3,2,26.8,73.8,25.55,440.62,3.2,1
2025-01-09,Thursday,18,Dinner,Sunny,0,22,4,2,25.3,71.1,25.12,768.88,2.3,4
2025-04-13,Sunday,17,Dinner,Cloudy,1,35,6,4,20.2,78.0,18.03,583.28,3.5,2
2025-01-17,Friday,14,Lunch,Sunny,1,65,10,3,20.7,74.6,19.4,1310.04,3.5,1
2025-05-26,Monday,18,Dinner,Rainy,0,15,3,2,17.4,80.5,32.08,508.48,3.9,0
2025-02-24,Monday,20,Dinner,Sunny,0,50,8,3,27.5,91.8,21.22,996.89,2.9,4
2025-04-12,Saturday,20,Dinner,Sunny,0,27,5,2,21.4,80.1,18.5,866.36,3.6,0
2025-02-06,Thursday,17,Dinner,Rainy,1,55,9,4,30.3,74.1,13.75,783.83,2.7,2
2025-02-05,Wednesday,14,Lunch,Rainy,1,38,7,2,30.2,81.9,20.3,523.17,3.0,1
2025-05-24,Saturday,21,Dinner,Cloudy,0,45,7,2,23.3,76.8,12.21,541.31,3.4,2
2025-03-09,Sunday,19,Dinner,Cloudy,0,41,6,3,23.4,80.3,20.29,854.28,3.1,1
2025-05-30,Friday,19,Dinner,Sunny,0,51,11,3,28.1,60.6,14.69,563.09,2.7,0
2025-04-03,Thursday,14,Lunch,Rainy,1,40,5,2,20.7,91.4,23.47,1047.05,3.2,0
2025-02-05,Wednesday,21,Dinner,Sunny,1,48,6,3,30.8,76.0,21.69,1288.08,2.2,1
2025-05-07,Wednesday,12,Lunch,Rainy,0,13,3,2,14.4,84.2,15.99,321.32,3.5,0
2025-01-13,Monday,12,Lunch,Cloudy,0,37,6,2,25.6,80.1,27.41,1031.3,3.4,1
2025-02-09,Sunday,13,Lunch,Sunny,0,21,4,2,19.8,77.0,24.39,431.23,3.4,0
2025-06-24,Tuesday,19,Dinner,Rainy,0,13,3,3,21.0,73.8,25.11,569.51,4.2,1
2025-06-02,Monday,12,Lunch,Rainy,0,33,3,2,29.5,71.2,25.32,606.96,2.7,2
2025-04-09,Wednesday,19,Dinner,Cloudy,0,39,6,2,27.7,77.0,23.49,1300.12,3.1,2
2025-06-02,Monday,20,Dinner,Sunny,1,62,10,3,27.9,86.0,15.72,710.21,3.6,0
2025-05-16,Friday,17,Dinner,Rainy,0,39,7,3,15.1,77.1,25.44,1076.13,4.4,2
2025-05-22,Thursday,11,Lunch,Sunny,0,43,7,4,20.7,86.5,22.68,905.42,4.0,1
2025-06-24,Tuesday,12,Lunch,Cloudy,0,24,5,2,21.2,81.0,15.28,269.13,4.0,3
2025-06-24,Tuesday,21,Dinner,Sunny,1,50,8,5,22.2,58.4,24.37,966.23,2.8,1
2025-03-10,Monday,18,Dinner,Sunny,0,24,3,2,18.0,67.2,25.73,592.66,3.5,3
2025-01-29,Wednesday,17,Dinner,Sunny,1,54,10,2,27.6,76.8,23.84,1212.96,3.1,4
2025-04-22,Tuesday,13,Lunch,Sunny,1,34,6,2,25.8,82.1,13.39,724.64,3.0,5
2025-04-27,Sunday,11,Lunch,Sunny,0,31,3,2,27.3,95.7,20.93,682.4,3.2,3
2025-03-09,Sunday,21,Dinner,Cloudy,0,46,8,3,25.4,89.1,26.28,1284.97,3.7,2
2025-02-15,Saturday,21,Dinner,Rainy,1,59,9,4,25.9,83.9,22.83,1347.48,3.6,2
2025-01-28,Tuesday,17,Dinner,Cloudy,0,20,3,2,23.2,91.5,22.62,494.25,3.7,0
2025-06-13,Friday,21,Dinner,Rainy,1,49,7,3,27.8,67.2,25.34,1260.83,3.3,0
2025-06-05,Thursday,14,Lunch,Sunny,0,29,6,2,18.3,91.0,17.21,250.0,4.0,1
2025-02-09,Sunday,18,Dinner,Sunny,1,37,4,3,28.5,81.3,29.46,861.19,2.8,3
2025-02-11,Tuesday,21,Dinner,Sunny,0,22,5,2,25.4,83.0,24.83,631.73,3.5,2
2025-05-16,Friday,11,Lunch,Sunny,1,65,11,4,28.3,75.9,15.88,921.08,3.1,1
2025-06-03,Tuesday,18,Dinner,Cloudy,0,32,5,2,20.0,96.8,21.02,826.17,3.2,2
2025-05-06,Tuesday,11,Lunch,Sunny,0,34,4,4,27.0,79.4,23.11,817.0,2.4,0
2025-01-29,Wednesday,18,Dinner,Sunny,0,33,4,2,20.4,85.2,25.49,767.15,3.5,0
2025-03-20,Thursday,14,Lunch,Cloudy,1,43,6,4,24.7,87.0,22.49,886.78,3.9,2
2025-01-15,Wednesday,14,Lunch,Cloudy,0,36,4,2,30.1,92.1,34.86,1240.47,2.6,3
2025-05-26,Monday,12,Lunch,Cloudy,0,42,8,3,26.2,87.7,15.54,517.44,2.6,4
2025-01-22,Wednesday,20,Dinner,Sunny,0,55,10,5,18.0,79.0,24.98,1413.0,3.6,1
2025-01-18,Saturday,21,Dinner,Rainy,0,33,6,2,26.2,57.9,27.6,649.84,3.1,2
2025-02-02,Sunday,13,Lunch,Sunny,1,31,3,2,17.0,77.2,18.73,677.97,3.3,1
2025-06-18,Wednesday,20,Dinner,Sunny,0,43,8,4,20.5,80.2,28.19,1166.67,3.8,0
2025-05-21,Wednesday,13,Lunch,Sunny,0,42,7,4,21.1,78.3,15.01,767.87,3.7,1
2025-03-09,Sunday,21,Dinner,Sunny,1,54,7,5,21.7,93.3,20.02,1211.59,3.8,3
2025-06-05,Thursday,19,Dinner,Rainy,0,41,8,4,14.8,86.9,18.41,800.21,3.7,1
2025-02-24,Monday,21,Dinner,Rainy,0,33,5,4,23.4,77.1,26.86,1064.8,2.9,3
2025-06-26,Thursday,14,Lunch,Rainy,0,28,4,2,16.5,87.7,19.61,400.37,3.0,0
2025-03-21,Friday,19,Dinner,Sunny,0,46,6,4,31.2,65.7,20.27,941.29,3.4,1
2025-06-21,Saturday,18,Dinner,Sunny,0,59,8,7,25.5,85.7,25.3,1454.8,3.5,1
2025-04-23,Wednesday,21,Dinner,Rainy,0,29,3,2,21.6,85.7,20.53,308.55,3.7,2
2025-04-26,Saturday,12,Lunch,Sunny,0,50,7,4,16.7,70.2,24.28,975.05,4.1,2
2025-03-05,Wednesday,14,Lunch,Cloudy,0,39,6,4,23.7,76.9,24.6,1034.35,2.9,3
2025-01-17,Friday,18,Dinner,Sunny,1,61,9,6,23.5,72.8,31.13,1977.58,3.1,1
2025-01-06,Monday,21,Dinner,Sunny,0,47,9,2,24.0,91.1,16.26,811.38,3.4,0
2025-02-28,Friday,14,Lunch,Cloudy,0,61,9,5,31.0,80.6,22.19,1266.34,2.5,1
2025-01-02,Thursday,12,Lunch,Sunny,0,37,4,3,29.4,66.7,24.5,1090.65,2.6,4
2025-06-11,Wednesday,11,Lunch,Sunny,0,25,4,2,22.8,91.3,21.77,741.35,3.0,2
2025-02-28,Friday,12,Lunch,Sunny,0,57,9,7,22.9,80.3,21.76,1260.35,3.4,2
2025-01-09,Thursday,18,Dinner,Sunny,0,27,4,2,26.8,74.3,16.6,771.56,2.8,4
2025-01-19,Sunday,21,Dinner,Sunny,1,43,7,4,20.3,79.3,22.95,1135.66,3.6,0
2025-03-02,Sunday,17,Dinner,Cloudy,0,27,4,2,22.1,79.8,32.86,842.2,3.3,1
2025-06-21,Saturday,20,Dinner,Sunny,0,50,8,4,13.4,67.9,11.45,616.49,4.2,0
2025-02-24,Monday,21,Dinner,Cloudy,1,35,5,4,22.5,75.8,18.85,601.52,3.6,3
2025-02-03,Monday,20,Dinner,Sunny,0,9,3,2,15.4,64.9,15.79,250.0,4.3,1
2025-03-04,Tuesday,20,Dinner,Sunny,0,29,5,2,23.3,78.9,25.32,752.22,3.1,2
2025-04-15,Tuesday,14,Lunch,Sunny,0,46,6,2,24.2,72.5,13.89,681.67,3.5,2
2025-01-25,Saturday,12,Lunch,Cloudy,0,51,8,6,18.1,81.8,24.2,1429.46,4.4,0
2025-06-18,Wednesday,19,Dinner,Cloudy,0,35,7,2,22.2,80.2,21.18,620.93,4.0,1
2025-04-01,Tuesday,19,Dinner,Cloudy,1,38,5,3,20.3,70.9,23.91,1105.25,3.1,0
2025-04-16,Wednesday,20,Dinner,Cloudy,1,37,6,5,17.2,82.7,20.96,1004.79,4.1,2
2025-01-14,Tuesday,12,Lunch,Sunny,1,37,4,2,17.7,80.3,22.07,766.87,3.9,1
2025-01-16,Thursday,19,Dinner,Rainy,1,36,6,2,29.3,81.5,23.82,701.7,3.2,3
2025-03-28,Friday,12,Lunch,Sunny,0,53,9,4,14.7,77.8,25.89,1717.23,4.5,1
2025-03-05,Wednesday,14,Lunch,Cloudy,1,46,8,3,29.3,82.4,25.24,1354.24,2.9,1
2025-02-18,Tuesday,21,Dinner,Cloudy,0,29,3,2,33.8,73.7,18.57,470.4,2.4,3
2025-04-25,Friday,13,Lunch,Cloudy,1,36,7,4,16.4,84.2,18.53,541.72,4.8,0
2025-04-19,Saturday,13,Lunch,Cloudy,0,42,9,4,25.2,84.9,26.11,1013.94,3.0,0
2025-03-13,Thursday,20,Dinner,Sunny,1,42,7,4,7.7,76.0,20.16,720.23,4.4,0
2025-03-05,Wednesday,12,Lunch,Cloudy,1,32,7,3,22.9,76.9,17.53,724.27,4.2,0
2025-04-24,Thursday,21,Dinner,Sunny,0,50,7,4,13.9,74.7,27.13,1327.26,3.9,1
2025-01-26,Sunday,11,Lunch,Sunny,0,39,6,2,9.8,69.6,26.6,1154.12,4.5,0
2025-06-16,Monday,21,Dinner,Cloudy,1,32,5,2,19.0,69.8,19.73,768.4,3.4,2
2025-01-04,Saturday,12,Lunch,Sunny,0,46,6,2,21.2,79.7,23.35,1179.46,3.6,0
2025-03-02,Sunday,13,Lunch,Sunny,0,42,5,3,18.3,79.7,22.86,717.85,4.2,0
2025-04-15,Tuesday,20,Dinner,Sunny,0,41,6,4,35.6,84.0,23.61,1024.93,3.4,0
2025-05-04,Sunday,14,Lunch,Sunny,0,39,7,2,17.8,80.6,31.23,1221.09,3.5,1
2025-04-13,Sunday,11,Lunch,Sunny,1,36,5,2,20.1,78.0,27.18,940.63,3.5,2
2025-02-12,Wednesday,19,Dinner,Sunny,0,19,3,2,16.6,74.9,27.15,591.66,4.4,1
2025-01-01,Wednesday,19,Dinner,Cloudy,0,29,5,3,27.0,85.5,26.06,726.97,2.7,2
2025-03-09,Sunday,20,Dinner,Rainy,1,39,6,2,19.4,80.0,30.32,1186.11,4.3,3
2025-03-15,Saturday,19,Dinner,Cloudy,0,43,8,4,33.9,90.0,24.3,1074.06,2.6,2
2025-06-28,Saturday,21,Dinner,Cloudy,1,49,6,3,37.0,69.3,18.01,964.36,1.9,1
2025-06-19,Thursday,20,Dinner,Sunny,0,28,3,3,30.0,70.9,27.98,767.99,3.5,2
2025-02-09,Sunday,14,Lunch,Cloudy,0,30,5,2,21.4,82.5,21.1,763.69,3.0,2
2025-03-17,Monday,14,Lunch,Sunny,0,45,6,4,26.6,71.3,26.34,1226.2,3.5,1
2025-01-15,Wednesday,21,Dinner,Sunny,0,36,7,3,20.7,75.9,19.23,659.0,3.8,1
2025-01-16,Thursday,18,Dinner,Rainy,1,46,7,4,26.2,75.6,17.27,511.64,3.1,1
2025-01-15,Wednesday,11,Lunch,Sunny,1,47,8,4,29.3,77.4,21.8,914.53,3.1,2
2025-05-30,Friday,20,Dinner,Sunny,1,62,10,5,26.9,86.6,20.21,1329.7,3.8,3
2025-05-09,Friday,21,Dinner,Cloudy,1,53,7,4,29.2,81.1,20.94,1116.36,3.7,1
2025-02-10,Monday,11,Lunch,Sunny,0,28,4,2,20.2,65.9,22.67,409.05,4.0,0
2025-05-11,Sunday,12,Lunch,Cloudy,0,45,6,4,36.9,90.2,22.28,885.73,2.5,1
2025-02-17,Monday,12,Lunch,Sunny,0,34,6,2,19.4,65.6,15.57,654.08,3.6,2
2025-06-02,Monday,12,Lunch,Rainy,1,33,5,4,25.7,78.3,19.59,538.6,3.2,1
2025-06-22,Sunday,14,Lunch,Sunny,0,25,4,2,17.0,86.5,22.61,568.08,4.1,2
2025-04-14,Monday,12,Lunch,Sunny,1,45,7,3,14.8,68.7,32.2,1155.09,4.3,2
2025-05-26,Monday,14,Lunch,Cloudy,0,23,4,2,18.2,87.1,22.0,549.3,3.9,2
2025-05-29,Thursday,11,Lunch,Cloudy,0,50,9,3,29.8,80.9,18.14,762.34,2.8,0
2025-06-08,Sunday,12,Lunch,Cloudy,0,29,4,2,20.1,84.8,29.46,669.19,3.4,2
2025-04-18,Friday,21,Dinner,Sunny,0,45,7,3,25.3,71.4,21.55,699.18,3.2,1
2025-03-22,Saturday,17,Dinner,Rainy,0,42,7,2,16.2,79.0,14.84,650.78,3.4,2
2025-02-22,Saturday,18,Dinner,Sunny,0,37,5,2,22.9,62.9,25.99,800.72,3.6,1
2025-03-03,Monday,17,Dinner,Sunny,0,46,9,2,24.9,76.2,22.58,1435.33,2.7,0
2025-04-12,Saturday,13,Lunch,Rainy,1,50,10,3,26.7,88.0,21.67,1081.48,3.4,2
2025-06-21,Saturday,17,Dinner,Sunny,0,39,7,2,38.5,96.5,23.89,923.48,2.5,4
2025-04-28,Monday,18,Dinner,Sunny,1,54,8,4,37.9,89.3,29.07,1712.57,2.6,1
2025-01-19,Sunday,11,Lunch,Sunny,1,34,4,2,30.4,87.4,23.44,707.88,3.0,3
2025-04-28,Monday,12,Lunch,Sunny,0,46,6,2,25.4,75.9,23.43,1057.56,3.3,1
2025-01-19,Sunday,21,Dinner,Cloudy,1,49,7,4,25.9,72.6,17.07,741.94,3.2,2
2025-02-24,Monday,21,Dinner,Sunny,0,42,7,3,29.3,72.1,10.92,486.22,3.8,0
2025-03-09,Sunday,13,Lunch,Cloudy,0,47,8,4,23.0,89.8,18.38,873.65,3.2,1
2025-03-31,Monday,12,Lunch,Sunny,0,43,6,3,28.7,74.0,19.57,1010.35,3.0,2
2025-03-04,Tuesday,18,Dinner,Cloudy,1,35,6,2,24.9,79.1,22.64,426.58,3.3,2
2025-03-14,Friday,13,Lunch,Sunny,1,54,9,3,33.9,83.1,19.11,1093.13,2.4,2
2025-04-23,Wednesday,21,Dinner,Sunny,0,29,4,2,31.3,86.4,24.2,795.13,2.5,2
2025-03-19,Wednesday,21,Dinner,Cloudy,0,27,4,3,25.7,89.0,17.53,705.51,3.0,0
2025-01-03,Friday,21,Dinner,Rainy,0,34,5,2,19.1,82.4,20.95,678.01,3.3,1
2025-03-18,Tuesday,12,Lunch,Cloudy,0,34,5,2,26.9,71.7,27.46,1040.95,3.5,2
2025-02-04,Tuesday,17,Dinner,Sunny,1,40,6,4,18.3,58.7,21.03,638.48,4.0,1
2025-01-30,Thursday,12,Lunch,Sunny,0,41,6,2,33.2,84.1,20.22,822.84,3.0,0
2025-05-22,Thursday,13,Lunch,Sunny,0,35,5,2,30.9,88.0,18.55,686.23,3.1,2
2025-03-11,Tuesday,17,Dinner,Sunny,1,54,8,2,33.4,76.3,20.34,1186.05,2.5,1
2025-06-04,Wednesday,14,Lunch,Sunny,1,26,6,2,17.3,74.7,21.43,624.36,4.0,0
2025-03-29,Saturday,14,Lunch,Rainy,0,24,4,4,12.7,74.1,20.35,552.28,4.2,1
2025-06-25,Wednesday,17,Dinner,Sunny,1,50,7,3,34.8,88.7,19.75,799.94,2.6,3
2025-05-10,Saturday,20,Dinner,Sunny,0,65,10,5,19.6,82.7,22.28,1350.79,4.2,1
2025-03-06,Thursday,11,Lunch,Rainy,1,19,4,2,23.9,63.6,25.78,599.43,3.4,0
2025-01-24,Friday,19,Dinner,Sunny,0,35,6,2,15.2,90.0,25.2,1277.13,3.7,0
2025-03-12,Wednesday,11,Lunch,Rainy,1,47,7,4,30.1,71.5,22.2,1097.94,3.0,1
2025-01-01,Wednesday,18,Dinner,Sunny,1,38,3,3,30.0,86.2,27.01,1128.41,3.5,0
2025-02-03,Monday,17,Dinner,Rainy,0,24,3,2,11.2,65.9,18.91,299.35,4.0,0
2025-02-11,Tuesday,20,Dinner,Cloudy,1,49,7,4,27.0,75.8,26.76,1241.58,3.4,4
2025-05-22,Thursday,19,Dinner,Sunny,0,29,5,4,22.0,82.0,20.72,686.15,3.6,0
2025-05-24,Saturday,11,Lunch,Sunny,0,55,8,4,24.7,95.8,35.44,2040.21,3.3,3
2025-01-29,Wednesday,12,Lunch,Rainy,1,44,7,4,18.9,71.9,16.16,827.88,3.9,2
2025-06-26,Thursday,13,Lunch,Sunny,1,59,9,6,27.4,87.6,16.8,1189.15,3.9,1
2025-05-20,Tuesday,11,Lunch,Rainy,0,30,4,2,18.9,68.2,24.51,856.78,3.5,2
2025-04-05,Saturday,21,Dinner,Rainy,0,47,7,4,13.8,76.5,18.88,684.46,3.5,1
2025-02-07,Friday,19,Dinner,Sunny,1,64,10,3,26.2,79.5,18.65,1268.87,3.7,0
2025-02-02,Sunday,11,Lunch,Sunny,1,57,9,4,22.1,67.6,19.8,1036.6,3.3,1
2025-03-20,Thursday,18,Dinner,Sunny,0,52,6,4,29.7,72.5,23.35,1273.59,3.0,0
2025-01-11,Saturday,18,Dinner,Cloudy,0,46,6,4,27.6,72.4,26.28,1439.57,2.7,3
2025-02-23,Sunday,14,Lunch,Sunny,1,33,6,3,23.1,68.2,24.02,758.25,3.4,1
2025-06-20,Friday,12,Lunch,Sunny,1,64,10,5,22.5,77.1,22.27,1405.56,3.8,0
2025-04-01,Tuesday,21,Dinner,Sunny,1,43,7,5,27.4,87.9,16.75,805.44,2.9,1
2025-04-15,Tuesday,13,Lunch,Sunny,1,34,7,3,22.5,82.1,15.19,729.01,3.8,2
2025-03-02,Sunday,13,Lunch,Sunny,1,53,11,3,20.2,82.9,18.62,786.07,3.9,1
2025-02-15,Saturday,19,Dinner,Sunny,0,39,7,2,22.6,78.8,15.32,595.4,3.2,1
2025-01-07,Tuesday,13,Lunch,Cloudy,0,22,4,2,19.8,83.2,24.36,621.51,4.1,0
2025-03-27,Thursday,19,Dinner,Sunny,0,35,4,2,29.2,90.9,21.13,639.34,3.5,3
2025-06-21,Saturday,14,Lunch,Cloudy,1,63,8,3,32.2,91.1,21.53,1297.98,3.2,1
2025-03-10,Monday,13,Lunch,Cloudy,0,24,4,2,30.7,81.2,24.7,475.85,2.8,1
2025-06-29,Sunday,12,Lunch,Cloudy,0,33,4,2,22.3,79.3,24.78,503.92,4.1,1
2025-04-08,Tuesday,11,Lunch,Cloudy,1,43,5,4,22.7,83.0,29.62,1136.13,3.4,0
2025-05-01,Thursday,14,Lunch,Cloudy,0,27,5,2,21.8,66.5,21.8,581.07,4.6,2
2025-02-21,Friday,20,Dinner,Sunny,1,41,8,3,23.1,81.6,12.84,490.6,4.0,0
2025-03-31,Monday,17,Dinner,Rainy,1,29,4,3,20.1,76.7,20.38,253.99,3.4,1
2025-02-28,Friday,14,Lunch,Sunny,1,55,7,5,22.9,73.7,20.87,817.02,3.8,1
2025-01-07,Tuesday,14,Lunch,Sunny,1,55,8,4,32.8,78.8,20.87,1366.22,2.8,2
2025-04-13,Sunday,18,Dinner,Cloudy,0,42,6,4,23.3,78.0,24.42,1058.34,3.7,3
2025-03-13,Thursday,12,Lunch,Sunny,0,49,7,5,19.1,68.4,19.97,875.42,4.1,1
2025-03-13,Thursday,18,Dinner,Sunny,1,41,7,2,28.9,87.1,25.8,1072.55,3.1,2
2025-06-14,Saturday,21,Dinner,Sunny,1,57,8,5,22.9,83.7,17.63,1043.98,3.3,1
2025-04-13,Sunday,21,Dinner,Sunny,0,38,4,3,24.3,85.0,21.79,778.6,3.7,4
2025-03-26,Wednesday,11,Lunch,Cloudy,0,46,6,4,25.1,79.3,20.98,1147.3,3.1,1
2025-01-30,Thursday,17,Dinner,Cloudy,0,48,8,5,31.3,91.5,24.32,1412.45,3.6,4
2025-02-15,Saturday,17,Dinner,Sunny,0,48,5,4,29.8,78.1,23.49,1420.64,2.8,3
2025-01-10,Friday,12,Lunch,Cloudy,1,63,11,4,27.5,95.0,24.13,1818.25,3.0,1
2025-06-02,Monday,19,Dinner,Sunny,1,58,10,5,29.1,86.9,11.18,684.64,2.6,2
2025-03-30,Sunday,18,Dinner,Cloudy,0,26,4,3,22.6,81.2,26.2,745.52,3.4,1
2025-04-22,Tuesday,21,Dinner,Cloudy,0,37,6,4,20.6,75.9,21.06,830.68,3.8,1
2025-01-30,Thursday,19,Dinner,Sunny,0,28,3,2,24.8,66.3,21.15,500.3,3.8,1
2025-05-28,Wednesday,14,Lunch,Sunny,0,48,6,3,27.0,88.2,21.48,743.33,3.1,2
2025-03-07,Friday,11,Lunch,Cloudy,0,48,6,3,16.5,74.3,19.67,1081.47,3.7,0
2025-04-22,Tuesday,11,Lunch,Sunny,0,40,8,4,23.7,75.9,26.22,1232.38,3.5,3
2025-05-14,Wednesday,21,Dinner,Sunny,1,9,3,2,21.7,75.8,25.74,250.0,3.4,0
2025-06-25,Wednesday,14,Lunch,Rainy,0,33,7,4,30.6,82.1,24.18,570.44,3.6,0
2025-04-04,Friday,19,Dinner,Cloudy,0,33,4,2,28.0,78.4,24.52,780.53,3.2,0
2025-01-18,Saturday,18,Dinner,Sunny,1,57,8,4,35.2,81.9,24.04,1472.48,2.5,1
2025-06-09,Monday,18,Dinner,Sunny,1,39,7,4,17.7,79.3,13.24,511.7,3.5,1
2025-06-19,Thursday,12,Lunch,Sunny,0,37,5,2,14.6,68.9,24.83,506.58,3.8,3
2025-03-18,Tuesday,21,Dinner,Rainy,0,31,3,3,26.0,84.7,38.7,887.08,4.0,1
2025-03-21,Friday,19,Dinner,Sunny,0,39,6,2,27.9,78.4,18.48,653.22,3.6,1
2025-03-25,Tuesday,19,Dinner,Cloudy,0,41,8,3,24.7,80.6,28.18,1047.56,3.7,1
2025-06-28,Saturday,17,Dinner,Rainy,1,46,7,5,33.2,81.3,16.49,889.95,3.1,2
2025-05-22,Thursday,13,Lunch,Sunny,0,26,3,2,19.2,67.8,24.19,620.66,3.9,1
2025-02-19,Wednesday,19,Dinner,Sunny,1,51,9,5,28.1,87.5,24.66,1001.55,2.5,4
2025-06-20,Friday,19,Dinner,Sunny,0,39,5,4,21.5,80.7,20.72,534.99,3.7,1
2025-06-23,Monday,13,Lunch,Cloudy,0,44,7,4,17.8,80.0,23.8,1086.8,4.3,2
2025-06-07,Saturday,17,Dinner,Sunny,0,49,8,4,17.6,67.3,22.61,1130.23,3.6,1
2025-04-14,Monday,21,Dinner,Cloudy,0,17,3,2,22.8,75.2,22.42,400.57,3.4,1
2025-01-01,Wednesday,17,Dinner,Cloudy,0,16,3,2,22.2,61.0,21.69,520.07,3.3,1
2025-03-15,Saturday,14,Lunch,Sunny,0,57,9,4,16.5,78.8,24.85,1297.62,3.0,0
2025-04-21,Monday,18,Dinner,Rainy,0,31,5,2,23.2,59.0,20.37,699.5,3.1,3
2025-04-30,Wednesday,20,Dinner,Sunny,0,41,6,2,25.9,86.3,14.8,780.66,3.1,2
2025-04-24,Thursday,14,Lunch,Sunny,0,24,3,3,28.4,80.7,20.28,430.16,3.0,1
2025-05-11,Sunday,20,Dinner,Sunny,0,36,7,3,13.1,75.7,21.98,996.84,4.7,0
2025-02-13,Thursday,12,Lunch,Cloudy,0,27,6,3,22.3,80.3,22.01,774.35,3.6,1
2025-03-14,Friday,21,Dinner,Rainy,0,39,7,2,23.6,64.6,26.04,1001.39,3.6,1
2025-06-19,Thursday,18,Dinner,Cloudy,1,41,7,2,27.7,94.8,26.01,1120.62,2.6,1
2025-01-24,Friday,14,Lunch,Sunny,0,50,8,2,26.4,82.9,22.22,997.63,3.7,0
2025-06-22,Sunday,17,Dinner,Sunny,0,51,8,3,20.6,76.5,23.33,1111.83,3.5,1
2025-02-27,Thursday,14,Lunch,Cloudy,0,34,5,2,25.9,79.9,16.06,597.18,2.9,2
2025-02-07,Friday,11,Lunch,Sunny,0,54,9,4,18.8,70.6,22.56,1083.74,4.1,0
2025-01-12,Sunday,14,Lunch,Sunny,1,39,6,2,14.5,68.3,26.06,1054.17,3.6,2
2025-05-02,Friday,12,Lunch,Sunny,0,33,3,2,29.3,81.8,21.34,562.36,3.3,1
2025-04-27,Sunday,19,Dinner,Rainy,1,27,3,2,23.0,86.6,22.08,674.48,3.0,1
2025-06-11,Wednesday,14,Lunch,Cloudy,0,31,6,4,17.7,81.3,32.13,903.38,3.2,0
2025-06-28,Saturday,19,Dinner,Cloudy,1,34,6,3,28.8,84.6,24.38,916.87,2.9,0
2025-05-07,Wednesday,19,Dinner,Sunny,1,52,9,5,23.7,91.4,22.16,903.83,3.2,1
2025-03-04,Tuesday,13,Lunch,Cloudy,0,48,8,4,17.1,68.5,28.0,1460.9,3.8,0
2025-06-17,Tuesday,11,Lunch,Sunny,0,33,5,2,22.4,90.0,14.17,385.73,3.2,2
2025-01-28,Tuesday,19,Dinner,Rainy,0,30,7,2,25.6,79.0,26.09,848.9,3.0,1
2025-02-26,Wednesday,13,Lunch,Cloudy,1,49,9,4,25.4,74.5,24.31,1155.47,3.3,1
2025-06-28,Saturday,21,Dinner,Cloudy,0,36,5,3,26.5,79.2,19.51,834.57,3.5,0
2025-04-29,Tuesday,11,Lunch,Sunny,1,30,4,2,23.0,83.7,31.96,832.54,4.0,1
2025-05-23,Friday,14,Lunch,Sunny,0,29,4,2,29.4,83.4,20.75,753.95,2.7,2
2025-02-01,Saturday,20,Dinner,Sunny,0,28,4,2,29.2,91.0,25.13,757.89,3.8,1
2025-02-04,Tuesday,20,Dinner,Sunny,0,34,7,2,19.6,80.1,22.78,627.17,4.1,0
2025-06-20,Friday,21,Dinner,Sunny,0,68,12,7,24.2,69.4,30.88,2096.92,3.1,3
2025-05-24,Saturday,18,Dinner,Cloudy,0,34,5,4,24.4,72.3,14.9,627.94,3.2,2
2025-04-24,Thursday,21,Dinner,Cloudy,0,33,5,4,24.6,78.7,20.92,639.22,3.5,1
2025-04-20,Sunday,21,Dinner,Sunny,0,35,6,2,17.2,61.8,15.82,350.38,3.6,1
2025-04-25,Friday,13,Lunch,Rainy,1,67,11,5,24.7,91.4,29.91,1850.37,3.2,0
2025-05-02,Friday,20,Dinner,Cloudy,0,35,5,2,29.5,84.7,15.62,684.66,3.1,0
2025-03-08,Saturday,14,Lunch,Cloudy,1,66,9,4,29.2,98.3,14.95,1210.07,4.0,2
2025-06-13,Friday,17,Dinner,Rainy,0,35,6,2,22.4,74.5,33.53,1253.31,3.6,3
2025-05-14,Wednesday,20,Dinner,Rainy,0,34,5,3,21.8,69.5,17.94,839.35,3.6,2
2025-06-10,Tuesday,14,Lunch,Sunny,0,29,5,2,13.5,81.6,24.01,903.97,4.3,1
2025-03-12,Wednesday,20,Dinner,Sunny,1,54,11,5,25.8,70.2,22.03,1097.5,3.3,0
2025-01-20,Monday,17,Dinner,Cloudy,0,50,7,3,21.9,73.8,20.85,1022.12,3.7,1
2025-03-02,Sunday,17,Dinner,Rainy,0,8,3,2,16.6,69.1,27.05,250.0,4.1,0
2025-03-27,Thursday,18,Dinner,Sunny,0,35,6,2,20.9,78.6,21.18,708.5,3.6,0
2025-05-19,Monday,12,Lunch,Cloudy,0,34,5,2,22.5,70.4,19.84,689.87,3.1,1
2025-02-05,Wednesday,13,Lunch,Sunny,0,52,8,4,18.3,85.1,17.42,820.92,4.0,1
2025-03-01,Saturday,19,Dinner,Rainy,0,50,7,2,28.4,79.3,21.02,1140.35,2.5,1
2025-06-27,Friday,13,Lunch,Cloudy,0,27,3,3,29.3,84.8,24.36,700.02,3.1,0
2025-02-24,Monday,12,Lunch,Sunny,0,31,5,2,18.2,89.0,20.67,464.69,3.7,1
2025-04-17,Thursday,19,Dinner,Cloudy,0,55,9,3,33.9,98.1,25.72,1292.74,2.7,2
2025-03-26,Wednesday,21,Dinner,Cloudy,0,33,6,3,19.9,96.5,21.41,614.74,4.4,1
2025-04-30,Wednesday,19,Dinner,Sunny,0,20,4,2,20.7,74.5,19.44,379.52,4.0,1
2025-01-16,Thursday,14,Lunch,Rainy,0,51,9,4,28.1,85.0,29.24,1425.43,3.2,0
2025-04-18,Friday,19,Dinner,Sunny,0,53,8,3,34.7,96.5,30.68,1442.61,2.7,1
2025-05-30,Friday,11,Lunch,Sunny,1,40,7,3,33.5,73.3,24.89,849.59,2.9,1
2025-05-28,Wednesday,19,Dinner,Sunny,1,34,4,4,22.6,84.8,18.62,795.38,3.0,3
2025-05-03,Saturday,11,Lunch,Cloudy,1,48,7,3,36.8,76.1,24.38,1177.28,3.0,2
2025-04-01,Tuesday,17,Dinner,Sunny,0,25,4,2,29.1,76.9,16.97,250.7,3.1,0
2025-04-10,Thursday,19,Dinner,Sunny,0,27,4,2,27.2,77.9,24.63,747.63,3.4,2
2025-05-18,Sunday,21,Dinner,Cloudy,0,26,3,2,29.9,78.0,22.48,635.58,3.5,4
2025-06-04,Wednesday,14,Lunch,Cloudy,1,50,7,4,28.2,82.5,19.21,947.94,2.7,2
2025-05-05,Monday,14,Lunch,Cloudy,0,31,4,4,23.6,82.2,20.63,686.74,3.6,1
2025-03-11,Tuesday,19,Dinner,Rainy,1,47,7,2,30.8,72.4,23.18,980.01,2.2,0
2025-05-05,Monday,11,Lunch,Cloudy,1,39,5,2,27.3,64.3,25.21,1469.65,4.1,0
2025-04-10,Thursday,18,Dinner,Rainy,0,32,4,2,34.1,96.7,21.47,763.57,2.5,2
2025-06-21,Saturday,19,Dinner,Sunny,1,32,5,3,21.4,74.2,20.73,461.15,3.3,0
2025-02-12,Wednesday,20,Dinner,Sunny,1,48,7,4,26.0,70.7,13.59,773.44,3.2,2
2025-02-02,Sunday,21,Dinner,Cloudy,0,30,5,2,24.3,79.5,19.75,715.99,3.5,1
2025-01-07,Tuesday,19,Dinner,Cloudy,0,35,6,2,27.9,77.8,19.87,581.49,2.4,1
2025-06-01,Sunday,11,Lunch,Rainy,1,42,4,3,26.2,78.1,18.0,825.66,3.0,0
2025-01-22,Wednesday,19,Dinner,Cloudy,0,39,6,2,24.6,78.1,23.88,1166.8,3.4,4
2025-02-04,Tuesday,20,Dinner,Sunny,0,21,3,2,23.3,71.8,25.05,531.26,2.7,3
2025-02-16,Sunday,11,Lunch,Cloudy,0,22,3,2,22.4,75.3,18.26,341.74,3.6,3
2025-03-08,Saturday,19,Dinner,Cloudy,0,56,9,4,20.1,85.3,17.31,823.84,3.5,2
2025-03-25,Tuesday,14,Lunch,Sunny,0,27,3,3,31.6,76.1,28.62,699.63,3.1,2
2025-04-27,Sunday,18,Dinner,Sunny,1,55,8,4,24.9,84.7,18.3,938.71,3.0,0
2025-03-28,Friday,19,Dinner,Rainy,0,29,4,2,23.0,84.1,19.77,723.84,3.5,2
2025-03-13,Thursday,19,Dinner,Sunny,1,32,3,2,34.0,93.0,23.5,722.56,2.6,1
2025-03-06,Thursday,12,Lunch,Rainy,0,31,3,2,28.2,88.7,25.77,886.26,2.8,4
2025-05-01,Thursday,11,Lunch,Cloudy,1,23,3,3,21.0,73.0,16.84,276.02,4.1,1
2025-05-19,Monday,11,Lunch,Cloudy,0,28,3,2,34.3,78.5,12.65,363.17,3.1,2
2025-03-31,Monday,14,Lunch,Sunny,0,44,7,2,25.1,85.4,29.11,1413.97,3.6,2
2025-06-16,Monday,12,Lunch,Cloudy,0,45,6,2,33.6,94.5,22.65,1147.26,2.6,0
2025-06-16,Monday,11,Lunch,Cloudy,1,40,5,3,20.3,94.7,23.86,862.69,3.6,2
2025-01-08,Wednesday,14,Lunch,Sunny,1,40,6,3,14.7,75.4,20.24,1182.35,4.5,1
2025-02-21,Friday,11,Lunch,Sunny,0,45,7,2,26.4,89.8,29.03,1268.95,4.2,1
2025-06-09,Monday,13,Lunch,Cloudy,0,29,5,2,18.2,69.8,30.73,957.7,3.1,0
2025-03-03,Monday,13,Lunch,Rainy,1,17,3,2,18.9,89.5,23.31,391.59,3.7,1
2025-05-02,Friday,12,Lunch,Sunny,0,49,7,4,23.2,67.7,19.06,963.74,3.4,1
2025-05-25,Sunday,14,Lunch,Sunny,0,29,7,2,10.8,77.7,20.29,540.67,4.0,4
2025-04-30,Wednesday,17,Dinner,Cloudy,0,32,4,4,30.1,82.2,19.15,439.57,3.3,2
2025-04-05,Saturday,13,Lunch,Sunny,1,52,9,7,25.4,74.3,21.26,1134.75,2.9,2
2025-06-05,Thursday,12,Lunch,Rainy,0,32,5,3,20.0,70.9,26.05,1002.71,3.3,2
2025-02-11,Tuesday,17,Dinner,Cloudy,0,29,4,2,22.1,75.8,25.53,635.64,4.2,0
2025-01-28,Tuesday,11,Lunch,Sunny,0,15,3,2,19.9,70.1,22.18,446.75,3.6,4
2025-03-21,Friday,19,Dinner,Rainy,0,41,8,2,25.2,75.4,22.47,932.11,2.7,2
2025-04-12,Saturday,14,Lunch,Cloudy,1,45,8,3,27.5,80.0,19.39,784.33,3.7,2
2025-01-20,Monday,14,Lunch,Sunny,0,32,3,2,22.8,73.8,22.45,862.07,3.6,0
2025-01-27,Monday,17,Dinner,Cloudy,1,59,9,5,13.9,74.1,21.66,1287.93,3.0,2
2025-06-25,Wednesday,12,Lunch,Cloudy,1,27,3,2,25.0,75.9,22.03,763.98,3.4,2
2025-05-25,Sunday,11,Lunch,Rainy,0,22,3,2,28.7,81.4,19.19,331.6,2.9,2
2025-03-30,Sunday,21,Dinner,Sunny,0,27,4,2,23.2,81.4,30.25,765.32,3.6,1
2025-04-20,Sunday,18,Dinner,Sunny,0,29,4,2,35.8,80.8,21.33,609.1,2.8,2
2025-01-18,Saturday,21,Dinner,Sunny,1,55,8,5,31.3,83.9,24.99,1318.76,2.0,1
2025-06-15,Sunday,18,Dinner,Rainy,0,36,5,3,22.2,68.9,16.18,593.57,3.3,2
2025-01-04,Saturday,19,Dinner,Sunny,0,42,7,4,30.8,79.6,24.3,750.02,2.0,0
2025-05-06,Tuesday,12,Lunch,Rainy,1,46,10,3,24.0,80.6,27.44,1170.74,3.2,1
2025-04-21,Monday,18,Dinner,Cloudy,0,23,4,3,25.6,76.0,19.96,350.9,2.6,0
2025-06-12,Thursday,20,Dinner,Cloudy,0,35,6,2,28.3,83.7,23.84,670.66,3.2,2
2025-02-09,Sunday,19,Dinner,Sunny,0,45,7,4,18.5,66.1,15.45,605.79,4.5,0
2025-02-15,Saturday,21,Dinner,Cloudy,0,47,7,3,17.0,66.6,14.91,685.58,3.6,2
2025-06-16,Monday,17,Dinner,Cloudy,1,33,6,2,26.1,92.9,22.66,769.54,3.0,1
2025-06-07,Saturday,21,Dinner,Rainy,0,38,7,2,20.8,72.9,18.52,825.92,4.5,0
2025-05-04,Sunday,20,Dinner,Sunny,0,30,3,2,30.5,72.8,16.61,403.8,3.3,0
2025-04-22,Tuesday,17,Dinner,Sunny,0,50,8,4,22.9,89.9,18.82,881.54,3.4,1
2025-03-24,Monday,14,Lunch,Sunny,0,45,8,4,18.4,72.3,15.85,853.04,4.2,1
2025-01-23,Thursday,17,Dinner,Cloudy,0,39,8,3,12.0,79.1,15.78,640.95,4.6,1
2025-04-26,Saturday,14,Lunch,Sunny,0,25,4,2,15.7,65.2,19.62,325.55,3.9,3
2025-04-29,Tuesday,19,Dinner,Cloudy,1,38,6,4,23.7,94.1,23.21,508.13,3.5,0
2025-03-28,Friday,11,Lunch,Sunny,0,41,5,3,29.8,88.0,13.51,860.22,3.1,3
2025-05-07,Wednesday,18,Dinner,Sunny,0,27,3,2,22.1,66.8,23.58,724.45,3.7,0
2025-02-16,Sunday,20,Dinner,Cloudy,0,43,5,4,25.5,79.0,26.05,1196.85,3.8,0
2025-02-24,Monday,18,Dinner,Cloudy,1,56,9,5,25.7,84.7,25.17,1400.36,2.9,2
2025-03-08,Saturday,18,Dinner,Cloudy,0,20,3,2,11.0,68.9,27.5,739.82,3.9,0
2025-03-13,Thursday,17,Dinner,Sunny,1,52,8,3,15.5,76.1,19.31,1108.5,4.4,1
2025-05-23,Friday,11,Lunch,Cloudy,0,42,7,4,11.9,66.0,19.49,833.56,4.4,0
2025-05-13,Tuesday,14,Lunch,Sunny,0,49,8,3,23.6,74.4,20.85,1170.59,3.9,1
2025-01-22,Wednesday,14,Lunch,Cloudy,0,17,4,2,13.8,78.3,19.52,280.4,4.2,3
2025-04-15,Tuesday,20,Dinner,Sunny,1,34,7,4,23.3,86.8,23.1,920.19,2.9,2
2025-05-23,Friday,14,Lunch,Cloudy,0,36,6,2,15.3,77.5,20.69,877.01,4.0,0
2025-06-26,Thursday,20,Dinner,Cloudy,0,39,5,4,25.5,76.2,15.56,641.21,3.3,1
2025-06-15,Sunday,20,Dinner,Sunny,0,38,6,3,21.1,80.0,20.03,753.76,3.8,2
2025-04-25,Friday,11,Lunch,Sunny,0,43,6,3,25.7,83.2,19.41,761.47,3.7,2
2025-01-24,Friday,17,Dinner,Cloudy,0,54,8,5,23.7,87.9,27.8,1337.57,3.7,1
2025-02-26,Wednesday,19,Dinner,Cloudy,1,58,8,3,22.7,72.4,21.64,1122.16,3.8,0
2025-06-27,Friday,14,Lunch,Sunny,1,66,11,6,21.7,75.6,16.62,1016.27,3.8,1
2025-03-20,Thursday,18,Dinner,Cloudy,0,42,6,4,16.4,86.5,23.06,879.06,3.8,0
2025-05-02,Friday,21,Dinner,Rainy,0,37,5,3,24.1,70.0,21.81,756.17,3.3,0
2025-05-16,Friday,18,Dinner,Sunny,0,44,8,3,28.0,90.0,26.68,1104.97,2.7,1
2025-04-19,Saturday,21,Dinner,Sunny,0,44,7,3,29.5,86.1,28.24,1210.17,3.4,2
2025-03-26,Wednesday,18,Dinner,Sunny,0,27,3,2,31.2,73.7,23.09,583.59,3.3,1
2025-06-29,Sunday,20,Dinner,Sunny,0,23,6,2,19.2,89.8,20.65,725.06,3.6,0
2025-03-11,Tuesday,17,Dinner,Rainy,0,23,3,3,23.7,66.9,20.84,537.28,3.8,1
2025-03-06,Thursday,14,Lunch,Sunny,0,14,3,2,19.6,75.0,28.56,495.44,4.3,1
2025-01-31,Friday,14,Lunch,Sunny,0,42,7,3,25.6,86.0,31.62,1280.75,2.9,0
2025-03-22,Saturday,12,Lunch,Cloudy,0,38,7,2,16.8,76.7,24.6,1018.59,2.8,0
2025-05-18,Sunday,13,Lunch,Rainy,1,44,5,4,18.9,82.9,16.46,890.11,4.1,0
2025-02-19,Wednesday,14,Lunch,Sunny,0,37,7,4,17.0,69.2,20.39,513.67,3.4,0
2025-05-04,Sunday,17,Dinner,Cloudy,1,30,4,2,27.1,91.4,21.97,510.17,2.6,4
2025-05-31,Saturday,21,Dinner,Cloudy,0,49,8,4,19.4,72.9,26.08,1296.88,3.2,2
2025-06-02,Monday,17,Dinner,Rainy,0,37,6,4,23.8,79.5,21.79,794.09,2.1,0
2025-01-26,Sunday,14,Lunch,Cloudy,0,34,7,3,15.7,75.5,22.53,603.41,4.1,2
2025-03-17,Monday,14,Lunch,Cloudy,0,40,7,3,24.1,92.3,21.86,895.2,3.0,1
2025-04-03,Thursday,13,Lunch,Sunny,1,40,6,2,26.0,68.6,26.79,1179.89,2.8,2
2025-03-19,Wednesday,11,Lunch,Rainy,0,36,5,2,27.3,74.7,21.38,809.5,3.7,4
2025-05-17,Saturday,13,Lunch,Rainy,0,40,5,2,27.7,84.0,16.24,502.83,4.3,1
2025-03-12,Wednesday,11,Lunch,Sunny,0,31,4,2,24.3,81.7,22.4,504.8,3.6,1
2025-01-14,Tuesday,21,Dinner,Sunny,1,23,3,2,22.2,65.6,17.39,614.07,3.4,1
2025-03-16,Sunday,13,Lunch,Sunny,1,46,7,5,23.5,76.9,20.55,818.45,3.4,0
2025-06-13,Friday,20,Dinner,Rainy,1,54,8,2,34.2,95.8,19.34,1051.94,3.0,1
2025-01-27,Monday,11,Lunch,Sunny,0,37,7,2,17.9,77.2,25.36,914.87,4.4,0
2025-05-27,Tuesday,17,Dinner,Sunny,1,37,6,2,36.3,91.0,20.41,1106.72,2.6,1
2025-05-01,Thursday,20,Dinner,Sunny,0,44,6,2,25.4,66.8,23.76,1039.99,3.4,0
2025-04-23,Wednesday,18,Dinner,Rainy,0,24,6,3,16.4,70.9,26.47,382.78,3.8,1
2025-02-17,Monday,11,Lunch,Rainy,1,35,5,2,26.7,74.6,25.22,908.43,3.4,0
2025-03-06,Thursday,20,Dinner,Sunny,1,35,7,3,23.9,72.8,16.69,565.55,3.0,1
2025-01-30,Thursday,12,Lunch,Cloudy,1,42,6,2,20.0,74.0,22.65,876.82,3.2,0
2025-04-13,Sunday,20,Dinner,Cloudy,0,48,6,4,28.3,78.6,18.48,950.18,3.5,4
2025-01-19,Sunday,11,Lunch,Cloudy,1,48,9,4,22.8,80.6,15.98,931.52,2.6,3
2025-02-08,Saturday,13,Lunch,Sunny,1,53,10,5,20.0,75.4,22.06,1431.4,4.1,0
2025-05-25,Sunday,17,Dinner,Sunny,1,47,7,5,26.8,86.4,25.04,1248.8,3.2,1
2025-01-22,Wednesday,14,Lunch,Sunny,1,51,8,3,33.2,81.6,25.82,1207.78,1.4,2
2025-01-31,Friday,21,Dinner,Sunny,0,58,9,5,11.3,62.2,26.55,1582.92,4.2,1
2025-04-17,Thursday,14,Lunch,Cloudy,0,36,8,2,24.4,78.7,25.27,811.11,3.4,0
2025-05-14,Wednesday,19,Dinner,Cloudy,0,18,3,2,23.6,77.8,17.56,250.0,3.1,3
2025-04-26,Saturday,20,Dinner,Sunny,0,45,7,3,23.4,85.3,23.52,1064.82,3.6,3
2025-03-18,Tuesday,19,Dinner,Sunny,0,10,3,2,22.2,78.4,17.95,253.16,3.9,2
2025-03-20,Thursday,11,Lunch,Sunny,0,42,7,4,33.5,102.6,20.25,1094.08,2.9,2
2025-06-06,Friday,12,Lunch,Sunny,1,52,6,3,22.8,85.3,19.83,982.3,3.8,1
2025-02-23,Sunday,14,Lunch,Rainy,0,39,6,2,22.0,63.0,18.0,723.44,3.6,2
2025-03-09,Sunday,12,Lunch,Sunny,0,23,3,2,15.7,76.0,23.4,544.39,4.4,2
2025-02-10,Monday,14,Lunch,Sunny,0,17,3,2,18.4,80.0,23.16,283.4,3.8,3
2025-02-14,Friday,21,Dinner,Sunny,1,57,8,4,25.8,73.8,22.12,1381.79,3.0,0
2025-01-20,Monday,13,Lunch,Cloudy,0,45,8,3,22.6,81.8,23.81,916.95,3.5,1
2025-01-01,Wednesday,19,Dinner,Cloudy,0,34,4,2,28.8,95.7,20.64,464.4,3.4,1
2025-04-26,Saturday,20,Dinner,Rainy,0,37,6,3,18.9,74.2,22.94,871.22,3.8,2
2025-03-16,Sunday,11,Lunch,Cloudy,1,43,8,4,18.7,72.7,18.14,686.61,3.6,4
2025-03-01,Saturday,17,Dinner,Sunny,0,55,9,4,34.0,78.6,25.07,1299.47,2.4,2
2025-03-14,Friday,20,Dinner,Sunny,0,44,9,4,16.1,85.9,19.03,754.27,3.5,0
2025-01-19,Sunday,14,Lunch,Cloudy,0,37,4,2,26.8,81.2,23.87,816.24,3.1,1
2025-03-09,Sunday,14,Lunch,Rainy,1,41,6,3,18.8,90.1,18.5,841.9,3.5,1
2025-04-19,Saturday,12,Lunch,Sunny,1,44,8,3,19.4,77.8,21.7,1078.89,4.2,1
2025-05-20,Tuesday,14,Lunch,Sunny,0,29,4,2,25.9,84.6,24.16,624.59,3.1,2
2025-06-15,Sunday,13,Lunch,Sunny,0,23,5,2,22.4,74.7,25.13,853.21,3.2,0
2025-03-10,Monday,13,Lunch,Cloudy,0,51,7,5,23.5,85.8,22.59,1025.73,3.7,2
2025-01-19,Sunday,11,Lunch,Sunny,1,49,8,4,26.8,76.7,19.83,896.15,2.9,1
2025-02-12,Wednesday,17,Dinner,Sunny,0,30,5,2,18.9,85.7,20.37,680.47,3.6,1
2025-06-02,Monday,17,Dinner,Sunny,0,26,4,3,23.1,66.0,31.46,874.24,3.7,1
2025-04-23,Wednesday,12,Lunch,Sunny,0,31,5,2,26.5,72.3,24.11,951.01,3.6,2
2025-04-30,Wednesday,17,Dinner,Cloudy,1,55,7,3,37.0,87.8,23.34,1325.52,2.1,4
2025-06-29,Sunday,19,Dinner,Sunny,0,31,6,2,31.2,72.2,21.96,582.3,2.8,2
2025-03-11,Tuesday,21,Dinner,Sunny,0,48,9,4,22.2,78.2,20.93,1037.31,3.7,1
2025-05-19,Monday,20,Dinner,Sunny,0,17,3,2,16.6,71.0,20.95,250.0,3.8,0
2025-04-23,Wednesday,12,Lunch,Rainy,0,37,5,2,30.2,75.9,24.04,885.76,2.9,2
2025-06-03,Tuesday,11,Lunch,Cloudy,1,38,6,4,18.8,83.4,15.38,313.38,3.6,1
2025-04-21,Monday,18,Dinner,Sunny,0,33,4,4,20.8,73.6,29.36,782.54,3.2,1
2025-06-04,Wednesday,17,Dinner,Sunny,1,32,5,3,25.7,101.0,11.39,280.91,3.1,3
2025-01-07,Tuesday,12,Lunch,Cloudy,1,36,7,2,15.3,56.8,18.04,664.87,4.0,0
2025-02-28,Friday,11,Lunch,Sunny,0,49,7,3,25.2,80.6,19.75,839.09,2.7,0
2025-06-22,Sunday,17,Dinner,Cloudy,1,34,5,2,29.9,81.3,26.0,805.46,2.7,1
2025-05-28,Wednesday,11,Lunch,Sunny,0,43,6,2,25.6,70.8,26.7,1134.44,3.2,3
2025-02-14,Friday,20,Dinner,Sunny,0,51,7,3,25.3,77.4,25.75,1221.3,3.3,2
2025-05-13,Tuesday,20,Dinner,Sunny,0,46,7,2,25.9,86.7,25.72,1162.43,4.1,0
2025-03-13,Thursday,13,Lunch,Sunny,0,46,8,5,17.7,73.4,18.85,836.58,3.8,0
2025-05-30,Friday,19,Dinner,Cloudy,0,51,9,3,24.6,86.4,23.34,1102.27,3.1,0
2025-06-12,Thursday,20,Dinner,Rainy,0,33,5,4,20.3,77.0,21.07,860.16,4.4,3
2025-01-24,Friday,20,Dinner,Rainy,0,44,6,3,22.2,86.5,21.48,1257.52,3.7,0
2025-03-31,Monday,19,Dinner,Sunny,0,22,5,2,22.4,83.4,25.94,579.97,3.6,1
2025-03-27,Thursday,18,Dinner,Sunny,0,37,5,2,34.2,92.4,21.99,914.44,2.6,2
2025-06-21,Saturday,12,Lunch,Sunny,0,46,6,3,28.5,77.2,19.57,808.47,3.5,1
2025-02-11,Tuesday,18,Dinner,Sunny,1,43,8,3,21.0,97.6,17.13,551.73,4.0,2
2025-04-16,Wednesday,20,Dinner,Rainy,0,46,5,4,28.0,94.9,18.27,1058.11,2.8,0
2025-03-15,Saturday,19,Dinner,Sunny,0,45,8,3,26.1,72.3,22.89,936.37,3.6,5
2025-05-21,Wednesday,11,Lunch,Sunny,0,34,5,2,22.3,70.5,15.17,415.56,3.6,1
2025-04-27,Sunday,12,Lunch,Cloudy,0,51,8,5,18.2,70.8,12.04,791.96,4.4,0
2025-03-22,Saturday,17,Dinner,Sunny,0,47,8,3,18.3,85.3,24.28,924.63,4.1,0
2025-03-24,Monday,12,Lunch,Sunny,0,32,6,3,22.0,68.0,21.49,822.48,3.5,1
2025-04-14,Monday,21,Dinner,Cloudy,0,45,7,3,10.5,70.0,21.7,1035.05,4.2,0
2025-01-01,Wednesday,21,Dinner,Sunny,1,42,5,4,25.7,92.3,25.1,983.69,3.4,2
2025-04-29,Tuesday,19,Dinner,Sunny,0,33,5,2,27.7,77.1,11.67,588.99,3.5,2
2025-01-14,Tuesday,14,Lunch,Cloudy,1,25,3,2,24.0,66.4,19.03,417.11,3.5,3
2025-05-13,Tuesday,18,Dinner,Cloudy,0,48,7,3,27.6,82.9,25.98,1252.81,2.2,2
2025-06-09,Monday,20,Dinner,Cloudy,0,36,7,3,18.5,68.5,21.63,627.64,3.8,1
2025-06-10,Tuesday,20,Dinner,Sunny,0,47,7,2,24.2,80.1,16.01,802.22,3.0,5
2025-01-14,Tuesday,14,Lunch,Sunny,0,33,6,2,21.2,78.2,20.58,627.66,2.8,3
2025-03-10,Monday,21,Dinner,Rainy,1,38,5,4,24.5,82.9,18.85,677.04,3.6,0
2025-02-03,Monday,17,Dinner,Sunny,1,23,3,2,26.3,72.5,22.12,303.55,2.8,2
2025-04-23,Wednesday,20,Dinner,Sunny,1,37,5,3,30.6,78.3,21.06,630.33,2.7,1
2025-02-01,Saturday,11,Lunch,Rainy,1,33,5,2,23.7,71.4,22.05,936.3,2.9,0
2025-06-11,Wednesday,14,Lunch,Sunny,0,44,6,2,27.0,76.5,22.26,869.96,4.0,2
2025-02-10,Monday,17,Dinner,Sunny,1,49,7,4,22.5,75.7,20.42,815.7,3.2,0
2025-05-22,Thursday,11,Lunch,Sunny,1,49,8,5,27.8,62.6,21.38,1325.28,3.0,2
2025-05-22,Thursday,19,Dinner,Sunny,0,40,6,3,21.9,74.9,30.28,1387.78,3.6,1
2025-01-24,Friday,14,Lunch,Sunny,0,56,10,4,17.8,56.2,25.74,1319.23,3.9,1
2025-01-30,Thursday,20,Dinner,Rainy,0,18,4,2,11.1,70.8,23.14,440.61,4.8,0
2025-01-31,Friday,13,Lunch,Sunny,0,48,8,4,30.9,69.8,18.19,972.45,2.5,1
2025-05-08,Thursday,17,Dinner,Cloudy,0,18,3,2,27.5,66.5,24.66,310.32,3.4,2
2025-05-11,Sunday,17,Dinner,Sunny,0,31,4,3,29.2,79.8,15.82,405.41,2.8,0
2025-04-17,Thursday,20,Dinner,Rainy,0,22,3,2,18.5,65.2,27.91,687.23,4.5,0
2025-05-01,Thursday,14,Lunch,Cloudy,0,10,3,2,9.5,58.9,29.69,250.0,4.0,0
2025-04-27,Sunday,21,Dinner,Sunny,1,29,3,3,22.2,87.8,26.27,681.82,2.5,2
2025-02-07,Friday,19,Dinner,Rainy,0,43,6,3,23.1,55.7,29.69,1141.46,3.7,2
2025-02-18,Tuesday,21,Dinner,Sunny,0,34,6,3,19.5,80.6,25.02,1149.31,3.8,2
2025-02-04,Tuesday,12,Lunch,Cloudy,1,32,6,3,16.1,68.3,23.73,1010.38,4.1,0
2025-03-12,Wednesday,19,Dinner,Cloudy,0,55,9,4,21.6,75.6,21.38,1361.89,3.6,2
2025-03-29,Saturday,21,Dinner,Sunny,0,46,7,3,27.5,85.7,26.43,1197.31,3.4,2
2025-03-10,Monday,11,Lunch,Sunny,0,67,12,6,25.3,74.0,24.3,1628.48,4.0,2
2025-03-14,Friday,17,Dinner,Rainy,0,46,5,4,21.6,91.2,25.49,1208.52,3.8,1
2025-05-31,Saturday,20,Dinner,Sunny,0,64,11,6,18.6,69.8,23.16,1547.48,3.6,2
2025-02-08,Saturday,20,Dinner,Rainy,0,49,6,4,18.1,73.6,25.56,1098.64,4.0,1
2025-05-18,Sunday,20,Dinner,Sunny,0,20,3,2,19.3,85.4,22.25,268.37,3.8,2
2025-03-30,Sunday,18,Dinner,Rainy,0,32,5,5,18.6,73.6,23.47,911.77,3.2,0
2025-05-22,Thursday,21,Dinner,Sunny,0,27,3,2,22.9,79.9,30.85,740.56,3.1,1
2025-04-07,Monday,20,Dinner,Sunny,0,40,7,4,25.9,78.3,31.21,1195.18,3.3,3
2025-03-24,Monday,14,Lunch,Sunny,0,42,7,4,18.1,83.8,23.64,1257.79,4.9,3
2025-06-28,Saturday,14,Lunch,Sunny,1,76,13,5,28.9,88.9,17.59,1285.64,3.3,3
2025-05-27,Tuesday,19,Dinner,Cloudy,0,42,8,3,20.8,77.9,21.09,919.57,4.2,1
2025-03-01,Saturday,19,Dinner,Sunny,0,37,6,2,27.4,81.7,24.21,955.54,3.3,0
2025-01-12,Sunday,18,Dinner,Sunny,0,35,6,2,23.4,80.9,20.13,616.37,3.5,1
2025-05-02,Friday,19,Dinner,Cloudy,0,68,10,6,19.0,84.7,17.94,1292.01,3.4,0
2025-04-09,Wednesday,13,Lunch,Sunny,0,26,5,2,15.1,72.4,19.91,660.2,4.5,1
2025-05-07,Wednesday,11,Lunch,Sunny,0,35,7,2,25.9,71.2,18.04,635.67,3.3,1
2025-02-02,Sunday,21,Dinner,Sunny,1,21,3,3,31.8,81.2,13.98,423.35,2.4,1
2025-06-01,Sunday,18,Dinner,Sunny,1,36,5,2,26.4,76.3,18.6,447.24,3.1,1
2025-01-26,Sunday,20,Dinner,Rainy,1,18,3,2,12.1,69.4,27.13,250.0,3.7,1
2025-01-26,Sunday,21,Dinner,Sunny,0,31,4,4,22.7,87.0,20.09,607.54,4.0,2
2025-04-27,Sunday,11,Lunch,Sunny,0,33,6,2,18.9,84.0,12.15,378.53,3.2,0
2025-02-06,Thursday,19,Dinner,Sunny,0,30,3,3,18.2,65.0,23.35,846.59,4.6,1
2025-06-17,Tuesday,13,Lunch,Sunny,0,40,8,2,19.5,81.2,16.58,524.14,3.3,2
2025-01-20,Monday,20,Dinner,Sunny,1,39,6,5,23.5,76.5,14.9,705.5,3.2,0
2025-03-09,Sunday,18,Dinner,Rainy,0,25,5,3,19.7,85.0,13.53,457.0,3.2,0
2025-06-09,Monday,19,Dinner,Sunny,0,48,8,3,25.4,84.5,25.57,973.22,3.7,1
2025-06-16,Monday,12,Lunch,Cloudy,0,31,3,3,18.2,67.9,21.67,884.23,4.1,1
2025-03-26,Wednesday,21,Dinner,Rainy,0,23,3,2,28.3,89.7,24.98,520.19,3.4,0
2025-04-08,Tuesday,18,Dinner,Sunny,0,34,5,2,26.2,81.0,26.64,1027.35,3.6,1
2025-06-10,Tuesday,20,Dinner,Sunny,1,39,5,3,27.5,92.9,19.63,913.73,2.9,1
2025-05-19,Monday,11,Lunch,Sunny,0,25,5,2,22.5,74.1,20.53,556.08,3.6,1
2025-06-08,Sunday,12,Lunch,Sunny,1,50,10,3,27.9,80.5,28.0,1730.63,3.1,3
2025-03-02,Sunday,17,Dinner,Sunny,1,52,8,2,29.6,72.5,23.69,1196.49,2.9,4
2025-02-28,Friday,12,Lunch,Sunny,1,48,7,3,28.0,82.1,21.73,1233.95,2.7,2
2025-04-22,Tuesday,12,Lunch,Sunny,1,35,5,2,21.5,62.2,12.17,661.99,3.3,2
2025-06-12,Thursday,12,Lunch,Cloudy,0,32,3,2,25.9,78.5,22.25,879.83,3.8,2
2025-04-24,Thursday,13,Lunch,Rainy,1,58,8,4,30.7,72.7,25.69,1299.99,2.8,3
2025-06-27,Friday,17,Dinner,Sunny,1,43,8,4,16.3,69.4,20.73,930.46,3.6,1
2025-01-08,Wednesday,11,Lunch,Sunny,0,37,6,2,25.4,80.9,28.93,915.54,3.2,2
2025-03-25,Tuesday,11,Lunch,Sunny,1,36,4,4,25.7,78.6,17.27,817.11,3.3,0
2025-03-17,Monday,18,Dinner,Rainy,1,43,6,2,17.1,73.5,19.26,774.41,3.7,1
2025-04-06,Sunday,19,Dinner,Sunny,1,41,6,4,27.0,70.0,17.88,667.13,3.0,2
2025-02-07,Friday,14,Lunch,Rainy,0,29,4,2,19.1,67.0,26.98,677.68,3.8,0
2025-05-16,Friday,19,Dinner,Sunny,1,68,10,5,26.2,78.0,20.04,1052.04,3.7,2
2025-05-25,Sunday,13,Lunch,Sunny,1,40,6,4,11.9,65.1,18.97,1133.56,4.1,1
2025-02-13,Thursday,13,Lunch,Sunny,0,20,4,2,15.2,77.2,26.99,717.08,4.0,0
2025-01-21,Tuesday,19,Dinner,Cloudy,0,31,5,2,16.7,89.3,21.34,752.06,3.9,1
2025-06-08,Sunday,14,Lunch,Sunny,1,45,8,2,18.1,86.2,20.82,947.15,4.5,1
2025-05-08,Thursday,13,Lunch,Sunny,0,43,5,3,31.3,87.8,23.04,923.35,3.0,1
2025-03-01,Saturday,20,Dinner,Rainy,0,37,6,3,25.0,87.0,18.94,621.44,3.1,1
2025-06-13,Friday,17,Dinner,Cloudy,0,29,6,3,18.0,80.7,24.7,551.03,3.8,1
2025-04-28,Monday,17,Dinner,Sunny,0,33,5,4,20.0,86.7,24.92,1035.12,3.5,2
2025-06-20,Friday,11,Lunch,Sunny,1,55,10,4,24.5,75.9,20.48,1035.13,3.0,1
2025-04-30,Wednesday,17,Dinner,Sunny,0,32,5,2,15.7,87.2,23.41,963.79,3.8,1
2025-06-23,Monday,21,Dinner,Sunny,0,49,7,2,32.3,80.3,20.57,743.12,3.5,1
2025-02-10,Monday,12,Lunch,Cloudy,1,42,5,2,27.9,75.4,21.13,1031.84,2.6,5
2025-04-24,Thursday,18,Dinner,Sunny,0,56,6,4,27.8,81.4,20.38,833.85,3.3,1
2025-05-31,Saturday,17,Dinner,Cloudy,0,59,9,4,19.5,73.6,24.53,1250.45,3.5,1
2025-06-13,Friday,19,Dinner,Sunny,0,44,6,5,24.8,72.4,27.42,1236.58,3.4,1
2025-06-26,Thursday,17,Dinner,Cloudy,0,31,3,4,22.5,80.9,26.33,721.69,3.8,1
2025-04-27,Sunday,17,Dinner,Sunny,0,8,3,2,17.9,81.4,23.96,250.0,4.0,0
2025-02-20,Thursday,19,Dinner,Sunny,1,44,7,3,21.7,79.4,14.62,714.8,3.4,0
2025-05-04,Sunday,12,Lunch,Sunny,1,43,7,3,18.1,61.8,17.75,657.81,3.7,0
2025-03-02,Sunday,19,Dinner,Cloudy,1,47,6,5,28.9,81.0,26.9,1225.98,3.6,0
2025-05-27,Tuesday,18,Dinner,Sunny,1,19,4,3,26.0,82.9,12.69,398.37,3.2,3
2025-05-28,Wednesday,17,Dinner,Sunny,0,30,6,2,20.3,68.8,30.14,1156.42,3.3,0
2025-06-29,Sunday,17,Dinner,Cloudy,1,39,6,3,26.5,80.6,24.32,960.89,3.2,1
2025-01-06,Monday,19,Dinner,Sunny,0,44,7,3,24.0,75.4,21.05,772.38,3.4,2
2025-03-12,Wednesday,11,Lunch,Sunny,0,33,5,3,32.6,85.8,26.28,837.92,2.9,2
2025-05-25,Sunday,11,Lunch,Cloudy,0,51,9,4,21.0,68.1,29.71,1391.73,3.9,4
2025-06-05,Thursday,20,Dinner,Sunny,1,29,6,2,21.4,75.7,24.16,847.1,3.1,1
2025-03-15,Saturday,14,Lunch,Sunny,0,53,8,4,30.0,95.3,29.29,1510.05,3.5,1
2025-06-05,Thursday,18,Dinner,Cloudy,0,26,4,2,26.3,77.8,17.78,528.53,2.7,1
2025-02-26,Wednesday,14,Lunch,Cloudy,0,15,3,2,16.8,91.0,30.34,324.91,4.1,0
2025-06-08,Sunday,17,Dinner,Rainy,1,37,5,2,23.1,81.2,28.79,1134.46,2.8,1
2025-06-23,Monday,13,Lunch,Sunny,0,45,7,2,18.3,82.7,23.05,991.12,4.0,1
2025-06-10,Tuesday,12,Lunch,Cloudy,1,44,6,4,19.1,69.5,27.74,1106.06,3.7,2
2025-06-10,Tuesday,11,Lunch,Cloudy,0,54,9,4,27.5,90.3,19.78,989.14,2.6,3
2025-03-21,Friday,20,Dinner,Sunny,0,50,7,3,16.4,76.3,22.82,1031.66,3.8,0
2025-01-09,Thursday,18,Dinner,Cloudy,0,18,3,2,17.6,66.0,23.06,449.68,3.5,0
2025-02-03,Monday,12,Lunch,Sunny,0,27,3,2,18.1,83.4,23.22,690.31,3.6,1
2025-03-17,Monday,18,Dinner,Sunny,0,26,3,2,31.7,78.5,27.65,879.22,2.4,2
2025-04-17,Thursday,13,Lunch,Cloudy,0,42,7,3,31.1,75.4,21.9,757.81,2.9,2
2025-02-21,Friday,13,Lunch,Sunny,1,61,10,6,23.4,68.6,18.32,1312.52,3.8,1
2025-05-19,Monday,18,Dinner,Cloudy,0,31,5,2,28.9,70.6,20.33,480.52,2.4,3
2025-05-16,Friday,21,Dinner,Cloudy,0,56,9,5,20.3,78.7,25.15,1321.63,3.6,2
2025-03-11,Tuesday,13,Lunch,Cloudy,0,32,4,2,21.9,79.0,32.49,1084.63,3.6,1
2025-03-07,Friday,20,Dinner,Cloudy,0,64,11,5,20.8,80.6,19.66,1089.32,3.0,0
2025-03-17,Monday,18,Dinner,Cloudy,0,34,5,3,27.4,89.0,27.29,833.23,3.1,3
2025-01-30,Thursday,20,Dinner,Sunny,0,42,5,4,22.5,84.2,26.11,1337.81,4.0,2
2025-01-20,Monday,13,Lunch,Rainy,1,42,7,5,7.1,67.5,25.03,1436.11,4.6,1
2025-02-27,Thursday,19,Dinner,Cloudy,0,30,4,2,21.4,73.8,27.19,1056.03,3.3,2
2025-05-23,Friday,18,Dinner,Sunny,0,47,8,3,25.0,67.8,26.19,1147.66,3.3,1
2025-01-24,Friday,19,Dinner,Cloudy,1,52,9,4,24.3,77.4,18.94,1087.92,4.0,1
2025-01-04,Saturday,17,Dinner,Sunny,0,50,7,3,32.5,67.9,27.82,1250.48,2.3,4
2025-05-18,Sunday,12,Lunch,Cloudy,0,46,6,4,20.5,68.4,15.5,680.69,3.1,1
2025-04-27,Sunday,18,Dinner,Rainy,1,38,8,3,30.6,75.5,16.9,632.43,3.7,1
2025-06-22,Sunday,17,Dinner,Sunny,0,22,4,2,26.6,82.4,15.27,500.42,2.4,0
2025-05-30,Friday,19,Dinner,Rainy,0,53,7,5,20.9,91.6,21.54,1015.55,3.9,0
2025-06-13,Friday,18,Dinner,Sunny,1,50,6,4,28.7,83.0,26.28,1229.67,3.1,1
2025-01-28,Tuesday,14,Lunch,Rainy,1,30,4,2,27.1,82.1,12.74,346.36,3.0,0
2025-05-01,Thursday,11,Lunch,Rainy,1,38,6,2,30.7,77.5,23.01,742.88,2.9,1
2025-06-08,Sunday,21,Dinner,Sunny,1,34,5,3,22.3,82.8,16.38,539.52,4.3,2
2025-03-25,Tuesday,14,Lunch,Sunny,1,41,8,2,19.1,84.9,17.79,615.62,3.5,1
2025-06-15,Sunday,12,Lunch,Cloudy,1,68,13,3,30.3,78.6,29.78,1989.94,3.0,3
2025-06-12,Thursday,20,Dinner,Rainy,0,31,6,3,16.9,91.0,25.57,760.62,3.1,1
2025-06-29,Sunday,17,Dinner,Sunny,1,60,10,3,19.9,63.7,27.05,1454.87,3.7,1
2025-06-16,Monday,19,Dinner,Sunny,1,59,10,5,28.4,87.2,22.73,1388.83,3.2,0
2025-01-30,Thursday,13,Lunch,Sunny,0,41,6,2,21.6,83.6,20.48,822.03,3.6,1
2025-01-12,Sunday,11,Lunch,Sunny,1,53,9,5,35.4,91.4,16.21,1156.68,2.3,4
2025-03-19,Wednesday,20,Dinner,Sunny,0,39,4,4,36.3,90.6,21.88,829.13,2.9,3
2025-01-30,Thursday,12,Lunch,Sunny,1,59,9,4,28.2,74.3,15.4,1072.07,3.5,3
2025-03-02,Sunday,21,Dinner,Sunny,0,33,5,2,27.3,89.6,20.02,488.56,2.9,0
2025-02-04,Tuesday,19,Dinner,Cloudy,0,39,3,4,33.1,76.5,19.11,677.75,2.5,2
2025-04-27,Sunday,18,Dinner,Sunny,1,30,4,2,24.7,78.6,17.82,560.91,3.6,2
2025-06-21,Saturday,21,Dinner,Cloudy,0,59,12,6,21.4,80.3,22.85,1087.48,3.6,1
2025-04-18,Friday,13,Lunch,Sunny,1,65,10,4,21.9,70.9,27.59,1812.32,3.3,2
2025-04-17,Thursday,12,Lunch,Rainy,0,41,5,3,21.7,69.1,25.38,1182.04,3.4,1
2025-05-06,Tuesday,19,Dinner,Sunny,0,50,10,3,27.6,82.7,24.5,1360.18,3.5,0
2025-03-13,Thursday,11,Lunch,Sunny,1,39,6,3,25.0,86.7,26.05,819.78,3.2,1
2025-06-26,Thursday,18,Dinner,Cloudy,1,46,9,3,29.2,81.0,16.25,691.17,3.3,0
2025-02-25,Tuesday,20,Dinner,Sunny,0,41,4,3,18.1,80.9,23.28,838.86,4.4,0
2025-04-24,Thursday,14,Lunch,Sunny,0,30,4,2,29.6,68.4,25.16,705.82,2.6,1
2025-04-03,Thursday,12,Lunch,Sunny,0,39,5,2,27.4,75.3,22.77,660.96,3.4,3
2025-06-25,Wednesday,18,Dinner,Cloudy,0,42,6,4,21.2,74.1,24.9,886.3,4.0,0
2025-05-20,Tuesday,18,Dinner,Sunny,1,34,6,2,20.7,73.7,12.66,607.67,3.4,1
2025-01-16,Thursday,19,Dinner,Sunny,1,23,3,2,25.3,86.9,27.27,832.04,3.3,4
2025-03-12,Wednesday,14,Lunch,Sunny,1,40,6,2,22.9,76.0,17.26,759.56,3.6,0
2025-02-01,Saturday,20,Dinner,Sunny,0,53,8,2,24.6,76.8,24.97,1162.45,3.2,2
2025-01-24,Friday,14,Lunch,Cloudy,1,20,4,2,17.0,57.3,22.6,331.95,3.7,1
2025-06-14,Saturday,11,Lunch,Sunny,1,41,7,5,19.3,57.5,22.69,692.41,3.8,0
2025-01-13,Monday,18,Dinner,Sunny,1,47,7,4,28.6,98.4,18.68,933.72,2.6,1
2025-03-04,Tuesday,13,Lunch,Sunny,0,21,3,2,29.5,93.2,30.72,652.1,3.5,0
2025-05-25,Sunday,14,Lunch,Cloudy,0,38,4,2,32.1,86.4,28.26,1071.56,2.5,0
2025-01-18,Saturday,21,Dinner,Sunny,0,42,8,2,18.9,69.2,18.43,797.02,3.5,1
2025-02-23,Sunday,14,Lunch,Cloudy,0,39,6,2,16.7,69.8,22.83,536.72,3.4,1
2025-03-01,Saturday,18,Dinner,Cloudy,0,37,6,2,26.8,85.6,17.18,630.86,3.6,1
2025-02-07,Friday,11,Lunch,Sunny,1,63,10,6,27.9,79.7,15.83,895.72,2.9,1
2025-03-12,Wednesday,13,Lunch,Rainy,0,44,6,3,21.0,80.1,18.03,937.1,3.6,0
2025-02-03,Monday,21,Dinner,Sunny,0,31,4,2,32.4,75.8,23.65,957.4,2.3,1
2025-03-06,Thursday,13,Lunch,Sunny,0,38,9,4,24.8,83.8,16.57,688.9,3.8,0
2025-01-29,Wednesday,11,Lunch,Sunny,1,34,5,4,17.1,87.6,20.78,797.08,3.9,0
2025-02-03,Monday,11,Lunch,Cloudy,0,30,5,3,18.6,61.2,31.18,785.82,3.3,1
2025-04-02,Wednesday,14,Lunch,Rainy,0,40,6,4,11.3,77.9,19.64,991.44,4.3,1
2025-05-31,Saturday,18,Dinner,Cloudy,1,42,6,3,23.5,85.1,12.61,486.12,3.1,1
2025-01-05,Sunday,13,Lunch,Sunny,0,27,5,2,20.6,89.7,26.98,863.8,3.4,0
2025-03-09,Sunday,11,Lunch,Sunny,0,40,6,4,25.5,86.8,29.43,1312.58,2.8,2
2025-02-02,Sunday,19,Dinner,Sunny,1,51,7,3,37.5,81.7,17.16,675.19,2.1,3
2025-05-15,Thursday,12,Lunch,Cloudy,0,38,6,2,23.0,90.3,23.66,900.96,4.1,1
2025-01-17,Friday,20,Dinner,Cloudy,1,38,7,3,19.5,76.7,23.14,1285.87,3.9,2
2025-04-25,Friday,18,Dinner,Rainy,1,44,7,4,31.4,89.3,25.31,1126.68,2.4,4
2025-05-12,Monday,12,Lunch,Sunny,0,42,8,4,15.6,79.2,28.87,1208.0,5.0,2
2025-04-26,Saturday,21,Dinner,Rainy,0,22,4,2,22.9,81.1,20.45,502.12,3.9,1
2025-02-26,Wednesday,11,Lunch,Cloudy,0,32,6,2,17.9,75.4,15.36,594.78,3.9,3
2025-06-18,Wednesday,21,Dinner,Sunny,0,33,4,2,17.1,76.2,24.81,620.19,4.4,1
2025-03-19,Wednesday,20,Dinner,Cloudy,0,26,5,2,18.7,80.2,27.19,559.07,4.1,0
2025-06-14,Saturday,11,Lunch,Cloudy,1,62,10,4,26.7,79.5,23.34,1406.54,3.3,2
2025-01-16,Thursday,20,Dinner,Sunny,0,26,3,2,26.4,88.7,25.59,1012.03,3.2,4
2025-04-13,Sunday,19,Dinner,Sunny,0,26,3,2,35.0,83.5,24.44,716.64,2.3,1
2025-06-25,Wednesday,12,Lunch,Cloudy,0,26,6,2,13.0,67.7,21.16,397.52,4.5,1
2025-05-06,Tuesday,20,Dinner,Cloudy,0,43,10,2,35.1,83.2,20.63,936.15,2.4,0
2025-01-19,Sunday,12,Lunch,Rainy,1,41,6,2,24.5,68.8,14.04,333.79,3.7,3
2025-03-24,Monday,13,Lunch,Sunny,0,32,6,2,12.0,70.7,23.64,736.68,4.4,0
2025-01-17,Friday,13,Lunch,Sunny,0,48,6,5,22.6,79.2,21.89,1166.65,3.8,3
2025-03-12,Wednesday,21,Dinner,Cloudy,0,32,4,2,27.7,92.1,27.68,697.28,3.7,2
2025-03-25,Tuesday,19,Dinner,Sunny,1,39,5,4,24.5,69.0,22.47,862.88,3.6,1
2025-06-02,Monday,21,Dinner,Cloudy,0,10,3,2,17.4,71.5,20.8,250.0,4.4,1
2025-03-17,Monday,20,Dinner,Rainy,1,49,8,5,20.8,72.2,20.59,1057.54,4.4,1
2025-05-10,Saturday,19,Dinner,Cloudy,1,60,11,4,22.0,75.0,16.45,1033.86,4.1,1
2025-01-26,Sunday,12,Lunch,Sunny,1,25,4,2,28.7,74.1,18.93,250.0,3.1,0
2025-06-17,Tuesday,21,Dinner,Sunny,0,34,7,3,16.3,76.5,21.59,782.77,4.1,0
2025-02-25,Tuesday,19,Dinner,Rainy,0,33,6,3,14.6,69.3,22.81,883.0,4.8,1
2025-04-26,Saturday,14,Lunch,Sunny,1,69,10,6,33.4,85.5,24.82,1592.37,2.1,0
2025-04-16,Wednesday,18,Dinner,Cloudy,0,27,3,4,26.5,61.8,20.74,288.18,2.9,1
2025-04-27,Sunday,19,Dinner,Cloudy,0,18,3,2,28.5,93.4,26.14,421.53,3.9,1
2025-04-17,Thursday,12,Lunch,Cloudy,0,32,5,2,28.2,89.5,26.16,742.74,2.8,1
2025-03-22,Saturday,19,Dinner,Sunny,0,40,6,2,26.8,81.7,21.85,901.45,2.8,3
2025-03-22,Saturday,17,Dinner,Cloudy,0,56,10,4,20.2,84.7,25.7,1346.45,3.3,1
2025-04-06,Sunday,13,Lunch,Rainy,0,33,6,2,28.0,77.6,26.11,642.82,3.2,1
2025-06-25,Wednesday,20,Dinner,Sunny,1,47,7,2,34.1,81.5,18.53,1043.94,2.9,3
2025-01-18,Saturday,12,Lunch,Sunny,0,40,4,2,18.8,76.0,26.28,1217.22,3.9,1
2025-01-22,Wednesday,12,Lunch,Sunny,0,26,4,2,24.5,77.8,23.04,770.08,2.9,3
2025-04-21,Monday,12,Lunch,Sunny,1,51,7,4,29.5,87.4,20.29,805.25,3.0,1
2025-04-06,Sunday,13,Lunch,Cloudy,0,28,3,2,23.7,87.9,22.9,735.35,4.1,0
2025-05-23,Friday,11,Lunch,Cloudy,0,38,7,2,17.5,66.6,23.81,988.04,3.9,1
2025-05-31,Saturday,21,Dinner,Rainy,0,66,10,4,25.4,78.2,28.1,1733.37,3.2,5
2025-05-24,Saturday,18,Dinner,Sunny,1,65,9,3,37.0,94.6,21.4,1191.8,2.2,5
2025-06-21,Saturday,12,Lunch,Rainy,1,44,7,5,24.2,74.4,21.22,1186.59,3.4,1
2025-04-16,Wednesday,18,Dinner,Sunny,0,57,9,4,31.6,95.3,24.61,1331.62,2.6,3
2025-06-20,Friday,19,Dinner,Sunny,0,52,7,4,34.7,76.9,27.4,1323.47,2.5,1
2025-01-14,Tuesday,17,Dinner,Rainy,0,39,6,2,28.7,81.7,17.45,546.68,1.8,2
2025-06-03,Tuesday,17,Dinner,Rainy,1,38,7,2,30.6,75.6,21.86,804.6,3.2,1
2025-04-01,Tuesday,12,Lunch,Sunny,0,68,12,5,16.7,60.0,18.9,1302.44,4.5,2
2025-05-28,Wednesday,21,Dinner,Sunny,1,25,3,2,21.3,67.5,16.97,536.48,3.6,1
2025-02-24,Monday,13,Lunch,Sunny,0,40,6,2,25.0,69.9,16.4,766.41,3.7,1
2025-06-18,Wednesday,20,Dinner,Cloudy,1,36,5,2,15.3,79.1,29.78,1429.6,3.9,1
2025-02-27,Thursday,12,Lunch,Cloudy,0,42,7,2,16.1,78.3,28.87,1231.81,3.7,1
2025-03-31,Monday,21,Dinner,Sunny,0,25,4,3,24.4,81.9,23.75,676.43,3.3,1
2025-04-05,Saturday,12,Lunch,Sunny,0,59,7,6,25.9,72.8,23.1,1298.57,3.6,1
2025-03-13,Thursday,14,Lunch,Rainy,0,37,6,3,21.7,92.1,27.89,960.38,3.9,2
2025-04-20,Sunday,21,Dinner,Rainy,1,39,6,3,22.8,99.3,17.67,738.99,3.3,2
2025-06-09,Monday,21,Dinner,Sunny,1,46,8,5,22.3,67.3,19.91,748.65,3.4,0
2025-01-07,Tuesday,17,Dinner,Cloudy,1,50,8,4,36.0,83.5,17.09,488.39,2.2,1
2025-01-08,Wednesday,13,Lunch,Cloudy,1,40,6,3,23.6,89.1,22.95,1162.52,3.6,0
2025-03-11,Tuesday,17,Dinner,Sunny,0,34,6,3,25.6,84.3,16.54,553.22,3.7,1
2025-03-28,Friday,18,Dinner,Sunny,1,57,9,5,24.8,89.1,19.85,785.6,4.0,2
2025-01-02,Thursday,13,Lunch,Rainy,0,19,3,2,23.0,78.3,23.37,361.54,3.3,0
2025-02-06,Thursday,19,Dinner,Cloudy,1,30,5,2,13.6,69.7,28.04,565.87,4.4,0
2025-01-18,Saturday,13,Lunch,Rainy,0,30,5,2,22.6,82.6,19.82,804.51,3.4,0
2025-06-12,Thursday,11,Lunch,Rainy,0,16,4,2,28.9,86.2,23.57,250.0,3.2,2
2025-01-24,Friday,21,Dinner,Sunny,0,43,6,4,27.8,81.9,19.54,1078.65,2.8,0
2025-02-25,Tuesday,19,Dinner,Cloudy,0,13,3,2,10.6,81.7,25.6,250.0,3.7,0
2025-04-18,Friday,20,Dinner,Sunny,1,52,8,2,38.4,85.5,18.96,787.19,2.9,1
2025-03-29,Saturday,13,Lunch,Sunny,1,60,11,4,25.3,72.3,23.43,1587.15,2.6,2
2025-04-05,Saturday,17,Dinner,Cloudy,0,55,8,3,28.4,87.3,26.41,1453.29,3.5,0
2025-03-25,Tuesday,12,Lunch,Sunny,0,44,6,4,19.8,85.9,22.07,1001.38,3.5,1
2025-01-14,Tuesday,13,Lunch,Cloudy,0,24,5,2,16.2,63.2,24.92,805.56,4.4,0
2025-02-10,Monday,11,Lunch,Rainy,1,45,8,3,17.5,80.6,22.84,1086.34,3.5,1
2025-06-22,Sunday,12,Lunch,Rainy,1,22,3,2,18.6,76.5,14.16,382.11,3.9,2
2025-03-11,Tuesday,20,Dinner,Rainy,0,37,7,3,9.5,70.8,27.92,1112.16,4.5,1
2025-06-19,Thursday,19,Dinner,Rainy,0,12,3,2,18.1,68.0,13.98,250.0,3.9,1
2025-05-05,Monday,20,Dinner,Rainy,0,23,5,2,16.7,73.3,28.82,417.4,4.7,0
2025-04-17,Thursday,17,Dinner,Sunny,1,44,8,2,21.0,75.1,23.58,1240.43,3.8,2
2025-02-25,Tuesday,21,Dinner,Sunny,0,30,5,2,21.9,78.0,19.09,348.12,3.8,2
2025-01-30,Thursday,18,Dinner,Sunny,1,48,7,5,15.7,70.1,18.11,876.66,3.9,1
2025-04-21,Monday,12,Lunch,Sunny,0,30,5,2,26.2,78.5,27.21,892.07,4.0,2
2025-03-14,Friday,20,Dinner,Sunny,0,47,6,2,29.5,87.2,22.45,1172.18,2.6,4
2025-05-15,Thursday,17,Dinner,Cloudy,1,52,8,2,27.4,91.6,24.87,1456.93,3.2,3
2025-01-12,Sunday,14,Lunch,Cloudy,0,37,5,2,24.5,80.9,24.88,975.01,3.7,1
2025-04-12,Saturday,11,Lunch,Cloudy,1,58,9,5,29.8,88.3,21.12,786.55,2.6,1
2025-01-02,Thursday,14,Lunch,Sunny,1,51,9,4,30.2,82.0,21.12,1148.03,2.8,3
2025-03-19,Wednesday,14,Lunch,Sunny,0,38,5,4,14.1,81.2,26.28,1016.34,3.2,1
2025-02-05,Wednesday,17,Dinner,Rainy,0,29,4,2,28.2,76.7,21.41,460.42,2.5,2
2025-03-16,Sunday,18,Dinner,Rainy,0,50,7,4,22.0,62.6,21.76,1220.16,3.7,2
2025-01-31,Friday,11,Lunch,Rainy,1,61,9,5,23.1,81.2,24.63,1781.05,2.8,4
2025-05-08,Thursday,19,Dinner,Cloudy,0,49,6,3,31.3,93.0,22.31,982.99,3.3,2
2025-02-14,Friday,13,Lunch,Sunny,0,47,8,3,32.8,91.9,21.47,770.22,3.3,2
2025-04-08,Tuesday,21,Dinner,Rainy,0,42,8,2,16.7,79.0,25.54,1132.71,3.1,0
2025-02-28,Friday,21,Dinner,Sunny,0,46,7,4,23.2,96.0,27.65,1277.72,3.5,0
2025-05-24,Saturday,18,Dinner,Cloudy,1,56,10,4,25.5,69.4,16.34,992.5,2.8,0
2025-01-19,Sunday,19,Dinner,Sunny,1,41,4,4,17.0,78.2,21.91,908.63,3.5,2
2025-01-11,Saturday,19,Dinner,Rainy,0,36,7,2,13.7,57.2,22.4,706.93,4.2,0
2025-01-05,Sunday,20,Dinner,Sunny,1,44,8,3,17.6,77.6,15.9,1172.05,4.3,2
2025-01-20,Monday,18,Dinner,Sunny,1,40,5,3,21.3,60.5,18.53,683.16,4.3,2
2025-05-28,Wednesday,19,Dinner,Rainy,0,34,6,2,17.9,68.2,26.51,669.7,4.5,2
2025-05-27,Tuesday,19,Dinner,Rainy,0,25,3,2,22.4,72.3,25.94,417.84,3.7,0
2025-06-13,Friday,19,Dinner,Sunny,1,59,9,2,37.2,91.8,13.47,753.54,2.4,1
2025-03-16,Sunday,12,Lunch,Sunny,0,26,4,2,7.1,75.6,24.98,852.42,3.7,1
2025-04-14,Monday,11,Lunch,Cloudy,0,28,4,2,19.9,81.1,15.75,536.56,3.8,1
2025-03-25,Tuesday,13,Lunch,Sunny,0,32,4,3,22.1,75.9,21.8,849.61,4.0,0
2025-06-08,Sunday,20,Dinner,Sunny,1,47,8,5,27.0,75.9,25.5,1061.48,3.3,3
2025-06-26,Thursday,18,Dinner,Cloudy,0,34,5,3,21.5,91.2,20.29,597.74,4.2,2
2025-01-23,Thursday,19,Dinner,Sunny,0,30,4,2,26.9,72.9,28.17,920.63,3.5,1
2025-01-28,Tuesday,14,Lunch,Cloudy,0,27,5,2,27.5,79.3,17.89,539.16,3.2,1
2025-04-22,Tuesday,19,Dinner,Sunny,0,61,9,4,26.1,78.9,28.38,1633.9,4.0,2
2025-05-15,Thursday,12,Lunch,Rainy,0,32,5,2,23.4,77.1,24.96,621.75,3.4,2
2025-04-12,Saturday,17,Dinner,Rainy,1,51,7,5,20.6,71.0,10.0,502.49,3.5,1
2025-03-28,Friday,14,Lunch,Sunny,1,55,8,3,31.9,81.2,22.84,1151.47,3.1,0
2025-03-27,Thursday,13,Lunch,Sunny,1,31,5,2,18.6,80.7,26.24,951.89,3.6,1
2025-01-20,Monday,21,Dinner,Cloudy,0,31,4,2,16.5,74.0,29.42,890.77,4.0,1
2025-06-12,Thursday,12,Lunch,Cloudy,0,33,4,3,22.0,68.9,28.12,1110.43,3.6,1
2025-05-16,Friday,21,Dinner,Sunny,0,46,7,3,28.6,88.0,28.51,1162.87,3.0,3
2025-02-19,Wednesday,18,Dinner,Sunny,0,50,8,6,23.6,87.7,21.71,1087.64,3.8,3
2025-03-31,Monday,13,Lunch,Rainy,0,8,3,2,16.1,79.5,23.26,271.72,3.6,2
2025-03-02,Sunday,12,Lunch,Cloudy,1,41,6,3,29.0,87.0,18.15,700.37,2.7,2
2025-02-07,Friday,17,Dinner,Sunny,0,44,6,4,26.3,82.6,26.98,1273.45,3.1,4
2025-02-20,Thursday,13,Lunch,Sunny,1,38,6,5,19.2,82.2,24.2,930.49,4.3,0
2025-06-04,Wednesday,13,Lunch,Sunny,1,54,8,5,22.7,75.0,21.01,1102.14,3.6,0
2025-06-17,Tuesday,12,Lunch,Rainy,0,23,4,2,16.0,72.6,22.48,250.0,3.9,1
2025-02-15,Saturday,20,Dinner,Rainy,1,44,8,5,12.8,69.9,30.15,1321.37,4.0,1
2025-04-29,Tuesday,20,Dinner,Sunny,0,47,7,3,21.3,86.7,20.03,962.42,3.8,2
2025-06-24,Tuesday,18,Dinner,Rainy,1,39,7,3,18.7,85.8,25.56,861.82,3.6,0
2025-06-10,Tuesday,18,Dinner,Rainy,0,22,3,2,34.4,81.2,21.13,467.17,2.1,2
2025-02-08,Saturday,20,Dinner,Sunny,1,64,9,5,18.4,66.3,24.19,1546.13,3.3,0
2025-01-18,Saturday,20,Dinner,Sunny,0,49,8,5,22.9,81.6,20.15,787.68,3.3,1
2025-04-24,Thursday,17,Dinner,Cloudy,0,27,4,2,28.9,96.4,30.31,626.1,2.9,1
2025-03-12,Wednesday,11,Lunch,Sunny,1,36,5,2,18.4,83.0,25.51,1054.75,3.4,1
2025-04-01,Tuesday,21,Dinner,Rainy,1,26,4,2,25.0,85.2,20.44,738.58,3.3,4
2025-01-19,Sunday,17,Dinner,Cloudy,0,54,8,3,20.7,78.5,18.75,1075.69,4.0,0
2025-04-29,Tuesday,20,Dinner,Cloudy,1,51,9,2,40.1,93.0,21.84,1064.13,2.2,1
2025-01-10,Friday,11,Lunch,Sunny,0,31,3,2,24.6,75.9,20.47,1043.04,3.6,0
2025-04-05,Saturday,17,Dinner,Cloudy,0,47,8,5,19.5,72.1,26.49,1321.46,3.6,0
2025-01-20,Monday,12,Lunch,Sunny,0,41,7,3,26.4,82.4,19.51,770.17,3.3,0
2025-06-07,Saturday,21,Dinner,Sunny,0,48,8,4,20.3,79.8,24.92,1045.08,3.7,1
2025-04-09,Wednesday,20,Dinner,Cloudy,1,39,6,4,28.8,82.0,20.45,572.43,3.0,3
2025-05-29,Thursday,21,Dinner,Sunny,0,48,7,4,18.9,68.1,14.74,890.79,3.6,0
2025-01-11,Saturday,20,Dinner,Sunny,0,46,7,3,25.1,85.2,29.75,1264.98,3.6,1
2025-05-27,Tuesday,14,Lunch,Sunny,1,50,7,4,30.8,81.0,20.21,950.33,3.0,1
2025-03-24,Monday,20,Dinner,Sunny,0,24,4,2,17.8,74.3,19.43,461.19,3.7,3
2025-05-09,Friday,13,Lunch,Sunny,0,39,7,3,24.0,86.5,23.06,992.35,3.2,0
2025-01-16,Thursday,20,Dinner,Cloudy,0,43,8,2,21.3,72.7,29.17,1041.33,3.6,2
2025-01-27,Monday,18,Dinner,Sunny,0,33,5,2,22.6,71.6,16.66,644.43,3.7,1
2025-01-22,Wednesday,21,Dinner,Sunny,1,36,6,2,28.8,71.8,20.7,769.37,3.7,3
2025-06-15,Sunday,13,Lunch,Rainy,1,45,7,3,25.7,75.2,22.12,1050.62,3.2,3
2025-01-11,Saturday,14,Lunch,Sunny,1,46,5,5,24.7,89.4,16.95,797.94,2.7,2
2025-04-23,Wednesday,20,Dinner,Cloudy,0,37,6,4,18.8,78.4,23.84,875.32,3.6,0
2025-05-15,Thursday,21,Dinner,Sunny,1,46,8,4,33.6,76.9,19.72,919.83,2.6,3
2025-06-06,Friday,13,Lunch,Rainy,1,61,9,3,23.6,78.3,23.23,1454.24,3.3,3
2025-04-04,Friday,18,Dinner,Sunny,0,45,8,2,33.2,94.4,16.15,782.46,2.6,2
2025-03-14,Friday,19,Dinner,Sunny,1,49,8,5,17.6,82.1,19.93,1129.35,3.3,0
2025-04-15,Tuesday,18,Dinner,Cloudy,0,31,5,2,26.0,85.5,20.13,809.04,4.2,3
2025-06-23,Monday,11,Lunch,Rainy,1,27,6,2,15.7,66.8,26.59,590.41,4.0,3
2025-06-11,Wednesday,18,Dinner,Sunny,0,33,5,2,16.0,65.5,22.84,893.63,4.6,0
2025-01-17,Friday,18,Dinner,Sunny,0,34,5,4,14.4,61.4,24.08,991.14,3.4,2
2025-01-25,Saturday,21,Dinner,Sunny,0,43,7,3,35.1,83.6,20.8,913.05,3.0,1
2025-06-23,Monday,19,Dinner,Cloudy,1,45,9,5,13.0,59.3,22.82,993.19,3.9,1
2025-03-14,Friday,17,Dinner,Cloudy,0,36,4,4,26.2,70.0,24.04,866.15,3.1,1
2025-06-18,Wednesday,13,Lunch,Sunny,0,8,3,2,5.5,66.8,23.4,250.0,4.9,1
2025-03-27,Thursday,12,Lunch,Sunny,0,20,3,2,21.2,76.0,23.11,473.87,3.9,2
2025-05-30,Friday,13,Lunch,Sunny,0,51,9,4,21.5,80.2,21.62,1136.67,3.3,0
2025-03-31,Monday,17,Dinner,Sunny,0,47,6,5,30.0,77.7,29.6,1537.58,2.9,2
2025-06-17,Tuesday,19,Dinner,Sunny,1,18,3,2,11.6,59.8,20.63,444.05,4.1,0
2025-02-03,Monday,12,Lunch,Cloudy,0,40,6,2,29.6,88.7,23.92,962.85,2.3,1
2025-03-21,Friday,21,Dinner,Cloudy,0,33,6,3,15.5,71.1,17.42,565.09,4.1,1
2025-04-07,Monday,18,Dinner,Cloudy,0,41,7,3,16.1,73.7,24.41,1219.96,3.9,0
2025-02-02,Sunday,21,Dinner,Cloudy,0,47,6,5,22.0,81.5,21.01,1125.93,3.7,0
2025-01-24,Friday,19,Dinner,Sunny,0,50,7,3,26.5,93.1,22.2,1286.86,2.7,0
2025-05-11,Sunday,18,Dinner,Cloudy,0,30,6,3,17.9,74.7,20.8,411.09,3.5,2
2025-01-05,Sunday,18,Dinner,Cloudy,0,32,5,2,37.2,63.2,20.13,742.26,2.2,2
2025-03-21,Friday,13,Lunch,Cloudy,1,61,10,4,31.0,86.2,14.61,920.16,3.3,1
2025-02-24,Monday,18,Dinner,Rainy,0,38,6,3,17.8,71.0,27.98,1055.51,4.0,0
2025-05-05,Monday,14,Lunch,Sunny,1,41,8,2,25.4,67.5,22.62,1019.28,2.9,1
2025-02-27,Thursday,13,Lunch,Cloudy,1,37,5,2,25.2,78.4,24.29,812.78,3.7,0
2025-02-09,Sunday,12,Lunch,Sunny,0,18,3,2,17.7,67.5,19.74,287.02,3.7,1
2025-03-17,Monday,12,Lunch,Cloudy,1,33,4,2,32.4,80.1,16.43,506.4,2.6,1
2025-05-10,Saturday,21,Dinner,Cloudy,0,47,7,3,27.2,76.2,20.72,1062.59,2.8,0
2025-05-15,Thursday,11,Lunch,Rainy,1,34,7,3,22.5,82.0,14.69,438.94,3.8,1
2025-06-19,Thursday,18,Dinner,Cloudy,1,31,3,2,28.8,77.6,21.11,803.5,3.0,1
2025-06-08,Sunday,13,Lunch,Sunny,0,34,5,2,21.9,79.4,19.61,599.09,4.3,1
2025-06-02,Monday,19,Dinner,Sunny,0,43,7,3,19.2,69.9,23.9,900.76,4.2,2
2025-02-09,Sunday,13,Lunch,Sunny,1,56,9,6,34.5,87.4,25.59,1552.42,2.7,3
2025-02-16,Sunday,13,Lunch,Cloudy,0,37,4,4,23.8,75.1,19.66,692.23,3.7,0
2025-04-23,Wednesday,11,Lunch,Sunny,0,40,7,3,15.6,87.0,19.97,778.91,4.7,1
2025-04-16,Wednesday,18,Dinner,Sunny,0,14,3,2,30.0,74.7,21.73,385.31,3.2,1
2025-06-23,Monday,14,Lunch,Sunny,0,32,6,3,17.7,67.7,20.23,456.3,3.9,1
2025-04-24,Thursday,17,Dinner,Sunny,0,43,8,3,25.3,73.0,21.56,1117.92,3.1,3
2025-04-25,Friday,14,Lunch,Sunny,0,59,10,3,22.4,84.5,20.73,1096.1,2.8,0
2025-05-17,Saturday,14,Lunch,Cloudy,0,41,8,3,24.6,67.8,27.78,1334.15,2.6,2
2025-03-21,Friday,20,Dinner,Sunny,0,37,6,2,22.8,75.4,19.7,881.09,3.8,0
2025-02-19,Wednesday,18,Dinner,Cloudy,1,51,7,3,33.9,76.8,23.55,1470.23,3.1,4
2025-06-23,Monday,20,Dinner,Rainy,1,44,7,2,28.5,75.5,17.76,759.95,3.2,2
2025-04-29,Tuesday,17,Dinner,Sunny,0,41,8,3,20.2,75.0,23.5,839.26,3.7,6
2025-04-08,Tuesday,21,Dinner,Sunny,0,45,6,3,20.8,65.0,22.25,1113.19,3.7,2
2025-05-16,Friday,19,Dinner,Sunny,0,42,7,3,20.7,73.9,18.53,926.44,3.8,2
2025-02-11,Tuesday,14,Lunch,Sunny,0,22,5,3,21.9,95.3,26.08,547.96,3.7,1
2025-06-04,Wednesday,13,Lunch,Cloudy,0,29,3,2,24.9,80.3,23.31,976.77,3.3,1
2025-03-06,Thursday,11,Lunch,Sunny,0,34,6,2,18.0,79.7,20.81,692.16,4.0,3
2025-06-14,Saturday,20,Dinner,Sunny,0,46,7,3,26.8,79.4,14.9,447.14,3.5,1
2025-04-06,Sunday,21,Dinner,Sunny,0,36,5,2,27.4,72.0,23.17,663.19,3.2,2
2025-01-27,Monday,21,Dinner,Cloudy,0,26,4,2,20.5,67.8,15.67,560.11,3.1,2
2025-02-01,Saturday,17,Dinner,Sunny,1,38,8,2,15.7,75.8,22.2,857.61,4.3,1
2025-01-22,Wednesday,13,Lunch,Sunny,1,40,6,5,17.8,66.7,20.53,901.07,2.8,1
2025-03-11,Tuesday,20,Dinner,Sunny,0,47,8,3,27.1,97.3,18.78,965.98,4.0,0
2025-05-12,Monday,13,Lunch,Cloudy,1,36,8,2,15.6,76.2,30.3,1050.93,4.4,1
2025-04-22,Tuesday,12,Lunch,Rainy,0,29,5,3,27.5,84.0,24.17,733.05,3.4,1
2025-02-26,Wednesday,20,Dinner,Rainy,0,30,6,2,21.4,72.3,21.76,713.18,3.8,1
2025-03-31,Monday,11,Lunch,Sunny,0,33,6,3,27.7,80.0,14.75,551.3,3.7,1
2025-04-17,Thursday,11,Lunch,Sunny,0,44,8,2,18.5,67.3,17.04,771.72,4.2,1
2025-04-12,Saturday,21,Dinner,Sunny,1,51,8,4,34.7,75.2,22.73,1160.15,2.2,2
2025-04-06,Sunday,14,Lunch,Sunny,0,44,6,4,18.5,76.3,22.09,1064.34,3.8,0
2025-04-09,Wednesday,12,Lunch,Rainy,0,28,5,2,25.8,83.7,21.29,577.41,3.2,0
2025-04-06,Sunday,14,Lunch,Cloudy,1,48,8,2,37.2,95.3,24.94,1361.01,2.2,4
2025-01-08,Wednesday,18,Dinner,Sunny,0,38,5,2,20.6,66.2,19.48,714.1,3.7,1
2025-01-26,Sunday,18,Dinner,Cloudy,1,40,8,2,31.4,76.1,23.23,931.4,2.8,4
2025-02-07,Friday,13,Lunch,Cloudy,0,53,8,3,20.9,77.0,23.86,1506.9,4.2,3
2025-01-10,Friday,17,Dinner,Rainy,0,46,7,4,24.7,87.7,24.79,1134.66,3.4,0
2025-05-01,Thursday,13,Lunch,Sunny,1,45,7,2,32.6,80.3,16.94,462.04,2.3,1
2025-05-01,Thursday,20,Dinner,Cloudy,0,25,4,2,23.1,66.7,22.46,432.43,3.7,1
2025-06-07,Saturday,11,Lunch,Rainy,0,65,10,5,23.3,73.1,23.98,1372.32,3.1,1
2025-01-21,Tuesday,11,Lunch,Cloudy,0,41,6,3,25.0,75.5,23.57,1052.67,3.7,1
2025-03-07,Friday,14,Lunch,Sunny,0,52,8,4,34.6,93.4,19.31,1019.12,2.6,1
2025-02-08,Saturday,21,Dinner,Cloudy,1,51,6,5,33.3,90.7,18.03,1144.31,2.4,0
2025-06-05,Thursday,21,Dinner,Sunny,0,16,3,2,17.8,80.3,20.49,297.8,4.5,3
2025-04-19,Saturday,12,Lunch,Sunny,0,64,13,5,21.0,88.1,23.87,1634.05,3.5,2
2025-03-15,Saturday,14,Lunch,Sunny,1,55,9,4,30.6,80.0,24.8,1356.82,2.8,1
2025-03-19,Wednesday,12,Lunch,Sunny,1,44,7,3,22.6,73.9,22.75,1117.03,3.1,2
2025-01-13,Monday,14,Lunch,Sunny,0,45,8,2,29.5,85.1,18.17,1081.77,3.0,1
2025-04-18,Friday,20,Dinner,Sunny,0,40,6,3,22.6,83.3,20.01,977.55,3.0,3
2025-01-17,Friday,12,Lunch,Cloudy,1,51,8,3,29.2,88.5,24.61,1147.64,3.7,2
2025-05-08,Thursday,21,Dinner,Cloudy,0,40,6,3,27.9,73.9,19.9,644.78,3.2,1
2025-01-05,Sunday,21,Dinner,Sunny,0,27,4,2,23.7,89.2,23.54,866.78,4.0,3
2025-05-28,Wednesday,14,Lunch,Sunny,0,39,5,2,25.9,79.8,17.35,701.47,3.7,1
2025-02-06,Thursday,17,Dinner,Cloudy,0,30,5,2,22.4,80.3,22.66,595.34,3.1,2
2025-04-20,Sunday,11,Lunch,Cloudy,1,34,4,3,21.9,77.5,19.54,940.86,4.1,0
2025-06-07,Saturday,18,Dinner,Sunny,0,21,3,2,24.3,86.8,21.45,557.33,3.1,1
2025-03-03,Monday,19,Dinner,Sunny,0,20,3,2,21.5,88.8,21.25,516.74,3.6,1
2025-02-17,Monday,12,Lunch,Rainy,1,36,7,3,18.6,89.2,14.13,327.41,3.9,1
2025-05-15,Thursday,18,Dinner,Sunny,0,38,6,2,37.9,83.8,14.13,410.63,2.0,2
2025-01-18,Saturday,21,Dinner,Rainy,0,31,5,3,19.4,82.8,24.57,674.23,4.2,1
2025-05-20,Tuesday,21,Dinner,Sunny,0,33,5,2,26.1,79.8,24.14,871.99,3.4,1
2025-05-10,Saturday,21,Dinner,Cloudy,1,45,8,3,26.7,90.7,21.56,878.93,3.6,0
2025-01-06,Monday,19,Dinner,Sunny,1,45,8,3,26.9,95.6,25.75,1108.98,2.6,0
2025-05-01,Thursday,11,Lunch,Cloudy,0,31,3,2,36.5,90.2,26.08,827.31,2.5,3
2025-06-12,Thursday,19,Dinner,Sunny,1,37,5,4,20.0,82.2,20.49,643.42,3.3,1
2025-04-06,Sunday,17,Dinner,Sunny,0,42,7,4,18.5,84.7,22.44,1331.23,3.1,1
2025-01-05,Sunday,18,Dinner,Sunny,0,59,9,4,24.3,88.5,23.76,1433.06,3.5,0
2025-01-18,Saturday,18,Dinner,Rainy,0,22,3,2,14.8,71.8,27.85,536.88,3.8,1
2025-03-03,Monday,12,Lunch,Sunny,1,51,9,3,38.8,92.4,13.22,766.14,1.9,2
2025-05-29,Thursday,18,Dinner,Cloudy,0,47,9,2,12.1,82.2,17.15,749.04,4.4,1
2025-02-04,Tuesday,11,Lunch,Sunny,1,42,9,5,16.0,83.0,23.04,831.5,4.1,0
2025-04-01,Tuesday,21,Dinner,Sunny,1,38,4,2,22.3,65.8,22.86,787.94,3.1,0
2025-03-28,Friday,13,Lunch,Sunny,0,12,3,2,25.7,63.9,21.69,370.07,3.3,1
2025-06-25,Wednesday,20,Dinner,Sunny,0,23,3,2,27.6,77.7,18.98,770.99,3.1,0
2025-06-28,Saturday,20,Dinner,Rainy,1,21,3,2,24.5,72.5,24.3,462.33,4.0,2
2025-06-11,Wednesday,13,Lunch,Sunny,0,55,9,6,25.0,82.4,31.84,1671.91,4.1,0
2025-02-04,Tuesday,12,Lunch,Sunny,0,38,6,2,15.7,68.5,26.23,1233.79,4.3,1
2025-04-28,Monday,11,Lunch,Sunny,0,32,4,2,27.5,88.3,21.89,414.92,3.0,5
2025-03-17,Monday,14,Lunch,Cloudy,1,52,8,3,27.5,85.6,17.92,916.81,3.3,1
2025-01-12,Sunday,14,Lunch,Rainy,1,37,7,2,22.0,65.6,23.6,831.45,3.4,0
2025-01-11,Saturday,18,Dinner,Sunny,0,47,7,4,22.3,71.6,19.77,1037.32,3.3,0
2025-03-21,Friday,21,Dinner,Sunny,0,50,7,4,21.5,76.2,28.08,1598.25,3.5,3
2025-04-12,Saturday,21,Dinner,Sunny,0,38,5,2,27.2,70.8,26.98,945.16,3.1,0
2025-05-02,Friday,17,Dinner,Sunny,0,31,4,2,32.2,88.5,24.16,551.0,3.1,4
2025-01-10,Friday,14,Lunch,Cloudy,1,59,8,4,23.6,75.3,21.1,1407.1,3.1,5
2025-03-15,Saturday,18,Dinner,Rainy,1,39,6,3,21.2,79.9,15.65,508.8,3.4,1
2025-01-13,Monday,18,Dinner,Sunny,0,19,3,2,13.0,66.1,24.35,381.2,3.9,1
2025-03-11,Tuesday,12,Lunch,Cloudy,0,26,4,2,20.2,68.9,21.86,812.16,3.1,3
2025-04-05,Saturday,19,Dinner,Sunny,0,37,5,2,24.2,76.3,30.4,949.9,3.4,0
2025-04-13,Sunday,20,Dinner,Cloudy,1,40,6,3,28.4,68.7,18.83,588.61,3.2,2
2025-04-09,Wednesday,18,Dinner,Cloudy,0,40,5,4,27.3,83.9,20.32,790.09,2.3,3
2025-02-17,Monday,20,Dinner,Cloudy,0,37,6,2,26.7,72.8,25.44,1012.49,3.4,3
2025-06-27,Friday,20,Dinner,Rainy,0,38,7,2,28.0,84.9,13.63,562.89,3.0,1
2025-04-05,Saturday,21,Dinner,Cloudy,1,58,11,4,31.4,83.1,24.71,1369.79,2.1,0
2025-03-10,Monday,12,Lunch,Sunny,1,45,5,4,24.8,81.6,24.2,1028.48,3.9,1
2025-04-19,Saturday,12,Lunch,Sunny,0,38,5,4,10.2,67.5,23.9,1162.72,3.9,0
2025-04-21,Monday,13,Lunch,Sunny,0,42,7,3,30.5,85.0,17.33,782.64,3.1,1
2025-05-20,Tuesday,17,Dinner,Cloudy,0,26,3,2,27.2,82.6,20.03,444.87,2.7,3
2025-03-24,Monday,12,Lunch,Sunny,1,41,9,4,11.5,75.0,20.18,715.63,3.9,1
2025-01-21,Tuesday,18,Dinner,Rainy,0,23,3,2,17.6,70.6,15.84,515.39,4.3,1
2025-06-19,Thursday,17,Dinner,Cloudy,1,39,5,2,20.4,77.8,18.18,626.08,3.2,0
2025-03-20,Thursday,20,Dinner,Sunny,1,58,8,3,32.4,94.1,18.38,1068.48,2.8,4
2025-06-04,Wednesday,19,Dinner,Cloudy,0,21,3,2,21.5,80.9,19.03,254.76,3.7,1
2025-02-12,Wednesday,20,Dinner,Sunny,1,41,5,2,31.5,84.2,19.59,876.57,2.8,5
2025-03-31,Monday,20,Dinner,Cloudy,1,42,5,2,23.5,86.9,14.3,654.98,3.9,0
2025-01-11,Saturday,18,Dinner,Cloudy,0,33,4,2,24.9,91.6,17.86,795.64,2.9,2
2025-06-07,Saturday,19,Dinner,Cloudy,0,44,6,2,13.4,64.7,27.45,1147.37,4.0,1
2025-03-12,Wednesday,11,Lunch,Sunny,1,23,6,4,18.7,66.1,24.96,557.13,4.1,1
2025-01-20,Monday,19,Dinner,Cloudy,1,46,7,4,26.0,53.6,18.44,789.68,3.1,1
2025-04-04,Friday,21,Dinner,Cloudy,1,42,7,2,22.9,76.5,20.49,808.66,3.8,1
2025-06-23,Monday,13,Lunch,Sunny,1,52,7,3,32.1,83.9,23.39,1289.31,3.2,5
2025-01-08,Wednesday,13,Lunch,Sunny,1,49,7,3,27.7,68.3,27.21,1740.51,3.8,1
2025-06-05,Thursday,20,Dinner,Sunny,0,38,5,3,23.2,78.2,23.73,704.71,3.5,3
2025-01-09,Thursday,13,Lunch,Cloudy,0,47,7,4,22.2,88.2,21.97,1225.09,3.5,1
2025-01-18,Saturday,14,Lunch,Rainy,0,36,6,2,23.3,75.3,18.75,592.01,3.2,0
2025-06-15,Sunday,18,Dinner,Sunny,1,52,8,5,30.9,99.2,18.98,1043.51,2.8,2
2025-04-03,Thursday,19,Dinner,Sunny,0,42,7,5,20.8,80.9,19.08,1121.66,3.5,0
2025-05-26,Monday,11,Lunch,Sunny,0,27,3,3,17.7,87.4,21.68,487.3,4.0,0
2025-06-04,Wednesday,13,Lunch,Rainy,0,41,8,2,16.1,68.2,21.12,820.83,3.7,0
2025-06-23,Monday,20,Dinner,Rainy,0,10,3,2,15.6,64.1,21.75,250.0,3.8,1
2025-04-05,Saturday,18,Dinner,Sunny,0,48,7,4,21.1,82.6,27.5,1361.06,3.6,5
2025-04-24,Thursday,12,Lunch,Cloudy,1,46,7,2,31.8,89.8,22.35,1086.78,2.7,2
2025-05-27,Tuesday,13,Lunch,Sunny,1,45,6,7,23.2,78.3,19.42,878.42,3.5,2
2025-05-16,Friday,18,Dinner,Cloudy,0,40,7,2,30.1,89.2,24.37,988.05,3.8,0
2025-04-12,Saturday,18,Dinner,Sunny,1,57,8,4,29.0,78.8,29.16,1850.18,2.8,0
2025-06-16,Monday,17,Dinner,Rainy,0,12,3,2,33.5,83.2,22.59,250.0,2.7,1
2025-03-05,Wednesday,12,Lunch,Sunny,1,45,6,4,16.8,66.4,20.86,984.53,3.8,1
2025-01-07,Tuesday,13,Lunch,Rainy,0,38,6,2,24.1,73.6,22.4,777.77,3.4,1
2025-05-08,Thursday,21,Dinner,Sunny,1,34,6,3,19.6,87.8,20.73,598.63,4.3,1
2025-04-10,Thursday,21,Dinner,Cloudy,0,31,6,2,24.6,78.2,25.4,814.44,3.2,0
2025-01-31,Friday,17,Dinner,Sunny,0,47,4,3,28.4,86.5,21.93,1082.86,2.2,1
2025-03-08,Saturday,20,Dinner,Rainy,0,39,6,3,22.7,72.9,20.82,876.09,2.9,2
2025-02-24,Monday,17,Dinner,Cloudy,0,40,6,2,26.3,63.4,28.32,1430.76,2.7,0
2025-06-27,Friday,20,Dinner,Cloudy,1,63,9,3,46.3,90.2,21.7,1385.51,2.1,1
2025-02-21,Friday,12,Lunch,Rainy,1,46,7,5,32.7,74.4,16.08,790.13,2.4,1
2025-02-04,Tuesday,12,Lunch,Sunny,0,30,4,3,18.6,77.6,23.91,911.99,4.3,4
2025-04-26,Saturday,13,Lunch,Sunny,0,44,8,2,25.0,84.1,23.98,1399.57,3.0,3
2025-04-24,Thursday,12,Lunch,Rainy,0,45,8,3,27.2,81.2,18.06,594.96,3.2,1
2025-06-24,Tuesday,18,Dinner,Sunny,1,52,8,4,35.3,81.5,16.09,723.44,2.5,4
2025-06-20,Friday,18,Dinner,Rainy,0,61,10,6,22.6,66.7,28.81,1615.28,4.0,2
2025-01-17,Friday,21,Dinner,Rainy,1,47,7,5,21.4,68.6,19.48,1023.75,3.6,1
2025-05-19,Monday,17,Dinner,Cloudy,0,10,3,2,17.4,84.1,23.82,250.0,3.7,2
2025-03-18,Tuesday,13,Lunch,Rainy,0,19,3,2,18.5,68.6,21.77,268.47,4.0,1
2025-06-29,Sunday,13,Lunch,Cloudy,0,23,3,2,15.3,94.4,20.64,456.65,3.2,1
2025-04-03,Thursday,21,Dinner,Rainy,1,42,6,2,21.1,79.5,16.62,797.53,4.6,3
2025-02-27,Thursday,12,Lunch,Sunny,1,39,6,2,28.7,84.0,24.95,1171.88,3.0,2
2025-02-21,Friday,13,Lunch,Rainy,0,30,5,2,10.8,83.2,23.38,934.76,4.9,0
2025-03-02,Sunday,20,Dinner,Cloudy,1,50,8,3,28.5,85.0,19.36,522.99,3.3,1
2025-01-07,Tuesday,18,Dinner,Sunny,1,50,8,5,33.5,87.2,29.84,1388.5,3.1,2
2025-05-22,Thursday,18,Dinner,Sunny,0,45,5,4,27.0,89.0,24.31,530.33,3.4,1
2025-04-30,Wednesday,21,Dinner,Sunny,0,20,3,2,18.3,63.8,23.09,295.91,4.2,2
2025-02-03,Monday,12,Lunch,Rainy,0,44,6,5,29.4,78.9,20.99,771.52,2.8,1
2025-01-17,Friday,17,Dinner,Cloudy,1,40,5,4,25.7,86.4,17.34,862.56,3.2,2
2025-04-12,Saturday,20,Dinner,Rainy,0,29,5,3,25.6,81.2,21.93,486.75,3.2,1
2025-05-15,Thursday,19,Dinner,Sunny,0,43,7,3,23.1,80.5,24.84,1121.12,2.9,1
2025-04-15,Tuesday,12,Lunch,Rainy,0,32,5,2,23.1,79.4,19.98,478.93,3.4,0
2025-02-02,Sunday,18,Dinner,Sunny,0,43,7,4,6.6,71.4,16.38,801.29,5.0,0
2025-06-14,Saturday,12,Lunch,Sunny,1,66,10,7,29.2,107.1,21.82,1280.07,3.0,1
2025-04-26,Saturday,20,Dinner,Cloudy,0,39,6,2,29.4,81.9,29.44,1100.75,2.9,1
2025-06-24,Tuesday,21,Dinner,Rainy,0,12,3,2,9.3,73.8,21.0,392.93,3.7,2
2025-03-30,Sunday,13,Lunch,Cloudy,0,50,8,5,18.9,61.4,19.96,1257.4,3.1,2
2025-05-22,Thursday,13,Lunch,Sunny,0,51,10,4,16.2,67.7,26.5,1551.25,3.7,1
2025-02-03,Monday,19,Dinner,Cloudy,1,28,5,3,17.9,67.3,22.85,590.7,3.8,2
2025-05-09,Friday,11,Lunch,Sunny,0,28,5,2,14.8,74.0,22.91,693.01,4.8,0
2025-02-01,Saturday,21,Dinner,Cloudy,0,46,7,4,20.7,83.0,22.3,1349.5,4.2,1
2025-02-09,Sunday,17,Dinner,Rainy,0,16,3,2,25.5,79.6,26.92,250.0,3.8,1
2025-02-12,Wednesday,13,Lunch,Sunny,0,43,8,3,21.4,78.2,22.71,1124.65,3.3,1
2025-03-24,Monday,14,Lunch,Sunny,0,39,6,3,17.8,78.3,25.22,783.98,3.6,0
2025-03-30,Sunday,21,Dinner,Sunny,0,35,5,4,17.2,73.1,21.45,713.67,3.7,1
2025-03-14,Friday,12,Lunch,Sunny,0,47,5,2,27.6,102.2,25.17,911.85,2.9,0
2025-03-06,Thursday,14,Lunch,Cloudy,1,42,8,2,24.6,75.3,22.41,1017.67,3.8,1
2025-06-12,Thursday,21,Dinner,Cloudy,0,35,5,2,26.7,87.7,17.61,788.05,3.2,1
2025-03-12,Wednesday,13,Lunch,Rainy,1,28,3,2,30.3,96.8,17.86,403.03,2.7,1
2025-06-10,Tuesday,17,Dinner,Cloudy,0,20,3,2,9.3,82.3,15.38,297.94,4.5,1
2025-06-07,Saturday,21,Dinner,Sunny,1,39,6,3,18.0,85.4,23.67,1001.38,3.6,1
2025-01-24,Friday,21,Dinner,Cloudy,0,30,5,2,22.9,77.2,21.49,524.22,3.1,3
2025-06-14,Saturday,13,Lunch,Cloudy,0,18,3,2,14.1,83.9,21.26,304.54,4.2,0
2025-06-01,Sunday,13,Lunch,Rainy,0,55,10,4,14.6,70.5,19.21,1124.25,3.6,1
2025-02-13,Thursday,18,Dinner,Sunny,0,46,5,3,26.2,80.8,23.72,1182.69,3.2,0
2025-05-25,Sunday,11,Lunch,Sunny,1,51,7,2,33.0,95.0,23.52,1407.46,3.0,3
2025-01-08,Wednesday,12,Lunch,Sunny,0,21,4,2,27.1,75.9,28.43,250.0,3.0,3
2025-01-12,Sunday,17,Dinner,Rainy,1,54,6,5,35.3,90.9,22.19,1034.39,2.8,3
2025-06-16,Monday,14,Lunch,Sunny,1,27,4,3,15.7,75.8,18.98,587.57,4.3,2
2025-05-27,Tuesday,19,Dinner,Sunny,1,35,6,2,17.7,79.3,20.52,969.66,4.1,2
2025-06-08,Sunday,11,Lunch,Sunny,0,37,5,2,21.7,75.2,27.56,797.23,3.7,1
2025-05-08,Thursday,21,Dinner,Sunny,0,32,6,3,28.0,80.5,25.81,933.64,3.0,0
2025-03-16,Sunday,17,Dinner,Sunny,0,33,6,3,15.3,73.1,31.07,1041.99,3.8,3
2025-05-04,Sunday,14,Lunch,Rainy,0,31,5,2,19.0,84.0,22.68,745.84,3.6,0
2025-06-25,Wednesday,19,Dinner,Rainy,1,18,3,2,28.0,89.8,26.8,451.02,3.5,1
2025-03-18,Tuesday,20,Dinner,Sunny,1,34,6,2,28.1,73.0,18.04,548.72,2.1,1
2025-01-19,Sunday,11,Lunch,Cloudy,0,38,6,5,26.5,87.3,17.02,655.69,3.4,2
2025-02-10,Monday,20,Dinner,Cloudy,0,34,5,5,22.4,62.2,20.83,418.36,3.4,1
2025-04-17,Thursday,20,Dinner,Cloudy,0,35,6,2,16.0,78.7,30.69,1135.53,3.8,0
2025-04-29,Tuesday,14,Lunch,Sunny,1,50,8,5,31.4,94.5,21.83,1121.63,2.5,2
2025-03-29,Saturday,13,Lunch,Cloudy,0,59,10,5,24.8,90.3,18.65,892.46,3.3,1
2025-03-22,Saturday,18,Dinner,Sunny,1,49,8,4,29.0,81.0,24.33,1101.13,3.6,1
2025-03-30,Sunday,19,Dinner,Sunny,1,46,8,2,27.8,77.3,30.97,1575.36,3.0,1
2025-02-03,Monday,18,Dinner,Cloudy,1,58,12,5,23.1,76.7,26.0,1863.25,3.8,1
2025-05-12,Monday,21,Dinner,Sunny,1,51,9,2,28.3,81.3,26.0,1099.96,3.2,1
2025-01-28,Tuesday,18,Dinner,Sunny,0,14,3,2,13.1,74.4,27.11,347.2,4.2,0
2025-03-03,Monday,20,Dinner,Cloudy,0,46,8,2,21.2,69.9,23.51,942.36,3.3,1
2025-02-01,Saturday,17,Dinner,Sunny,1,68,12,4,27.9,78.6,22.25,1424.89,2.7,3
2025-04-26,Saturday,14,Lunch,Sunny,1,64,11,7,32.6,92.0,24.87,1659.92,1.8,3
2025-02-06,Thursday,12,Lunch,Rainy,1,35,7,3,12.8,71.3,16.83,584.46,3.8,0
2025-01-13,Monday,17,Dinner,Cloudy,0,51,9,4,10.0,60.5,21.78,1196.61,4.5,0
2025-04-09,Wednesday,19,Dinner,Sunny,0,39,7,2,26.8,73.8,20.55,584.02,2.6,0
2025-03-05,Wednesday,13,Lunch,Sunny,0,25,5,2,18.4,76.4,20.78,541.81,4.4,0
2025-03-25,Tuesday,18,Dinner,Rainy,1,47,7,4,32.0,92.0,18.04,964.67,2.4,1
2025-02-18,Tuesday,13,Lunch,Cloudy,0,30,4,2,30.4,83.8,26.46,1014.99,2.2,0
2025-05-08,Thursday,21,Dinner,Sunny,0,34,5,2,21.4,77.1,27.91,1279.28,4.1,1
2025-04-30,Wednesday,20,Dinner,Cloudy,0,27,6,2,13.8,69.3,26.03,806.3,4.0,1
2025-03-20,Thursday,20,Dinner,Sunny,1,49,7,2,37.1,89.2,21.9,1050.02,2.0,0
2025-01-06,Monday,12,Lunch,Sunny,0,36,5,3,27.1,79.5,24.89,1040.43,3.0,0
2025-04-11,Friday,21,Dinner,Sunny,0,41,6,3,22.2,76.1,28.4,1395.1,2.9,1
2025-04-28,Monday,14,Lunch,Sunny,1,46,7,4,27.6,76.5,16.1,1034.91,2.8,3
2025-02-25,Tuesday,18,Dinner,Sunny,1,31,4,2,29.3,80.1,13.88,250.0,3.9,1
2025-01-13,Monday,11,Lunch,Sunny,1,40,7,4,24.9,91.8,16.5,683.29,3.5,0
2025-03-14,Friday,20,Dinner,Sunny,0,58,8,5,24.0,77.0,21.26,958.56,3.5,2
2025-06-02,Monday,20,Dinner,Rainy,1,34,6,2,17.2,63.8,21.97,884.87,4.2,0
2025-03-15,Saturday,21,Dinner,Sunny,0,35,6,2,24.4,85.8,21.16,676.93,3.4,1
2025-01-03,Friday,12,Lunch,Rainy,0,44,5,2,21.9,78.9,21.86,621.68,4.3,1
2025-04-21,Monday,13,Lunch,Sunny,0,15,3,2,15.9,79.7,18.97,310.22,3.1,1
2025-03-09,Sunday,18,Dinner,Cloudy,1,27,5,3,15.8,72.8,19.71,400.84,3.7,0
2025-04-14,Monday,18,Dinner,Rainy,0,24,3,2,22.9,80.1,21.73,695.32,3.7,4
2025-01-12,Sunday,19,Dinner,Sunny,0,19,3,2,19.5,75.8,25.94,443.69,3.7,0
2025-01-14,Tuesday,21,Dinner,Sunny,0,31,5,2,14.7,70.0,18.72,620.39,4.1,0
2025-02-19,Wednesday,18,Dinner,Cloudy,0,18,3,2,16.6,71.3,25.36,562.21,5.0,0
2025-05-22,Thursday,17,Dinner,Cloudy,1,30,3,3,18.7,87.5,14.74,662.31,3.4,1
2025-01-19,Sunday,19,Dinner,Rainy,0,37,6,4,20.6,74.4,21.61,928.33,3.8,2
2025-05-10,Saturday,20,Dinner,Sunny,1,64,9,7,31.3,83.0,23.62,1514.63,2.6,3
2025-05-21,Wednesday,17,Dinner,Sunny,0,33,3,2,24.9,76.2,22.5,583.45,2.7,1
2025-06-09,Monday,12,Lunch,Cloudy,1,42,7,2,25.3,90.9,18.08,766.86,3.0,2
2025-02-02,Sunday,12,Lunch,Rainy,0,38,6,4,27.5,77.8,15.82,809.0,3.7,1
2025-04-11,Friday,18,Dinner,Cloudy,1,39,6,4,28.5,87.3,22.28,808.91,3.1,1
2025-03-28,Friday,21,Dinner,Sunny,0,46,7,4,14.3,72.7,23.53,1035.79,4.0,1
2025-04-04,Friday,13,Lunch,Cloudy,0,51,8,5,22.8,82.5,23.62,1307.75,2.8,1
2025-02-20,Thursday,21,Dinner,Rainy,1,13,3,2,18.0,72.6,21.87,288.94,3.5,2
2025-04-13,Sunday,21,Dinner,Sunny,0,46,6,2,20.0,69.0,25.53,1097.91,3.2,1
2025-01-11,Saturday,11,Lunch,Cloudy,1,60,10,4,35.0,64.9,16.94,1040.26,2.3,3
2025-01-10,Friday,13,Lunch,Sunny,1,43,6,4,32.7,98.6,25.47,825.61,2.3,0
2025-03-27,Thursday,20,Dinner,Sunny,0,57,10,3,30.5,92.8,21.88,1293.16,3.0,2
2025-05-13,Tuesday,20,Dinner,Cloudy,1,48,6,6,19.1,75.3,19.7,839.43,3.6,1
2025-02-08,Saturday,21,Dinner,Rainy,1,56,11,6,27.2,77.1,23.27,1193.71,3.5,2
2025-02-05,Wednesday,18,Dinner,Rainy,0,19,4,2,19.5,85.8,17.54,393.23,3.4,3
2025-06-06,Friday,18,Dinner,Sunny,0,35,6,3,30.5,96.8,21.63,1132.54,3.0,1
2025-02-11,Tuesday,19,Dinner,Cloudy,0,50,7,3,25.0,72.3,15.98,767.45,3.2,0
2025-06-07,Saturday,17,Dinner,Rainy,1,43,8,2,24.7,93.9,25.22,853.11,3.5,2
2025-06-01,Sunday,18,Dinner,Sunny,0,36,6,2,27.9,76.4,22.35,1010.44,3.3,2
2025-05-10,Saturday,21,Dinner,Sunny,0,34,6,2,20.2,82.6,18.48,516.32,3.7,1
2025-05-17,Saturday,20,Dinner,Cloudy,0,53,10,2,14.9,79.7,21.49,987.93,4.7,1
2025-05-25,Sunday,17,Dinner,Sunny,0,23,3,2,18.9,82.8,26.77,650.47,3.8,0
2025-05-02,Friday,11,Lunch,Sunny,0,46,7,3,26.0,71.6,23.79,1111.4,3.4,1
2025-04-05,Saturday,18,Dinner,Cloudy,0,45,8,4,22.9,61.7,18.89,875.61,3.5,0
2025-06-22,Sunday,12,Lunch,Rainy,0,27,3,3,21.2,85.8,25.57,625.73,3.6,1
2025-04-17,Thursday,17,Dinner,Sunny,0,34,5,2,21.6,89.8,19.71,646.21,3.4,1
2025-06-26,Thursday,11,Lunch,Rainy,0,26,4,4,25.5,80.7,18.31,671.78,3.7,0
2025-06-02,Monday,20,Dinner,Sunny,0,19,3,2,28.2,84.9,17.09,250.0,2.8,2
2025-03-09,Sunday,14,Lunch,Cloudy,1,36,6,4,23.1,78.2,26.19,1138.14,3.0,0
2025-01-14,Tuesday,20,Dinner,Sunny,1,62,10,5,23.9,69.5,26.09,1524.73,3.7,1
2025-02-13,Thursday,21,Dinner,Cloudy,1,33,7,2,18.0,79.6,17.32,607.72,3.7,1
2025-06-11,Wednesday,19,Dinner,Sunny,1,51,9,5,27.7,85.8,18.77,946.51,2.8,1
2025-02-07,Friday,14,Lunch,Sunny,0,52,8,4,21.6,73.2,28.2,1120.67,4.1,0
2025-01-09,Thursday,12,Lunch,Sunny,0,29,5,2,24.0,79.5,21.57,454.85,3.1,1
2025-02-18,Tuesday,11,Lunch,Sunny,0,32,4,3,27.4,93.5,16.97,479.93,3.7,1
2025-04-23,Wednesday,18,Dinner,Sunny,1,25,6,2,25.2,79.9,13.61,369.45,3.5,0
2025-04-18,Friday,13,Lunch,Sunny,1,54,10,6,33.4,80.0,22.47,1078.93,2.3,3
2025-04-16,Wednesday,14,Lunch,Cloudy,1,42,6,3,31.6,85.9,30.57,1280.99,2.4,0
2025-04-16,Wednesday,21,Dinner,Rainy,1,27,5,2,28.3,83.1,23.29,768.08,3.1,4
2025-06-06,Friday,20,Dinner,Sunny,0,47,8,4,24.1,79.5,20.46,1021.79,4.1,2
2025-01-16,Thursday,13,Lunch,Rainy,0,16,3,2,25.5,95.9,19.76,535.72,3.8,2
2025-05-13,Tuesday,14,Lunch,Cloudy,1,45,6,3,17.4,78.3,14.34,768.08,3.6,0
2025-05-24,Saturday,18,Dinner,Rainy,0,30,4,3,22.5,85.9,21.78,1064.96,3.7,0
2025-06-19,Thursday,20,Dinner,Sunny,0,51,7,4,25.3,60.4,27.21,1313.54,2.8,2
2025-05-15,Thursday,19,Dinner,Rainy,1,47,6,3,29.2,104.9,24.2,1235.74,3.2,3
2025-03-22,Saturday,13,Lunch,Sunny,1,42,7,4,31.0,73.8,20.47,961.07,2.6,1
2025-04-28,Monday,21,Dinner,Rainy,0,21,3,3,32.1,98.8,22.71,635.18,2.6,1
2025-03-29,Saturday,21,Dinner,Cloudy,1,73,11,7,29.8,85.6,27.92,2026.0,2.2,4
2025-04-01,Tuesday,17,Dinner,Sunny,0,24,3,3,25.1,86.3,25.36,633.69,3.9,1
2025-06-06,Friday,20,Dinner,Sunny,0,75,12,6,28.7,89.5,23.15,1755.77,2.5,1
2025-02-19,Wednesday,14,Lunch,Cloudy,0,39,7,3,14.8,82.3,28.74,1255.6,3.9,1
2025-03-13,Thursday,21,Dinner,Sunny,1,44,6,3,27.3,68.5,21.3,1167.47,3.7,1
2025-03-18,Tuesday,14,Lunch,Cloudy,1,51,6,3,21.3,77.8,15.18,748.86,4.1,3
2025-03-18,Tuesday,17,Dinner,Rainy,1,22,3,2,21.9,76.3,28.04,688.81,3.8,4
2025-02-23,Sunday,20,Dinner,Sunny,1,49,8,5,17.4,69.6,18.37,684.72,3.9,0
2025-03-23,Sunday,20,Dinner,Cloudy,0,30,5,2,17.9,72.6,23.31,876.94,3.9,1
2025-03-31,Monday,21,Dinner,Cloudy,1,48,8,5,32.7,93.2,18.18,896.2,2.5,3
2025-03-12,Wednesday,17,Dinner,Rainy,0,11,3,2,9.3,82.5,17.56,250.0,4.7,0
2025-02-01,Saturday,21,Dinner,Cloudy,1,53,10,3,25.4,77.3,22.8,1297.37,3.6,2
2025-04-08,Tuesday,19,Dinner,Rainy,0,21,3,2,34.4,93.7,28.06,560.46,2.5,3
2025-03-30,Sunday,13,Lunch,Sunny,0,29,4,2,25.9,80.4,20.67,304.93,3.0,3
2025-03-16,Sunday,11,Lunch,Cloudy,1,50,8,3,21.6,85.9,21.55,953.53,3.2,3
2025-03-15,Saturday,12,Lunch,Sunny,0,43,7,3,19.6,78.5,23.26,996.46,3.9,0
2025-03-30,Sunday,20,Dinner,Sunny,1,45,8,4,25.7,88.5,22.63,1309.79,3.6,1
2025-06-17,Tuesday,17,Dinner,Rainy,1,29,3,3,29.8,87.7,22.8,592.2,3.3,0
2025-05-03,Saturday,14,Lunch,Sunny,0,44,6,2,26.3,68.7,18.97,1142.79,3.4,1
2025-02-21,Friday,21,Dinner,Rainy,1,46,8,2,23.5,81.7,17.09,692.56,3.3,2
2025-03-11,Tuesday,21,Dinner,Sunny,0,43,6,4,28.2,83.4,14.86,344.43,2.9,3
2025-06-28,Saturday,17,Dinner,Sunny,1,55,11,3,26.5,82.8,26.19,1448.62,3.6,0
2025-02-05,Wednesday,12,Lunch,Cloudy,0,26,4,2,22.6,75.4,23.81,723.64,3.1,1
2025-06-07,Saturday,14,Lunch,Rainy,0,45,7,4,24.5,85.7,14.9,437.48,3.8,1
2025-03-04,Tuesday,11,Lunch,Sunny,0,38,6,5,17.5,87.0,24.41,828.43,4.2,2
2025-06-21,Saturday,21,Dinner,Cloudy,1,60,9,5,26.7,71.8,21.52,1197.46,3.1,5
2025-02-27,Thursday,14,Lunch,Cloudy,0,37,6,2,22.6,81.6,15.78,448.69,3.2,1
2025-01-14,Tuesday,12,Lunch,Rainy,0,18,3,2,12.4,77.1,25.68,545.06,3.6,0
2025-04-16,Wednesday,18,Dinner,Rainy,1,55,9,5,34.6,95.4,21.85,1068.86,2.7,1
2025-05-01,Thursday,12,Lunch,Cloudy,0,28,5,2,27.6,72.9,27.15,1076.08,3.5,7
2025-06-24,Tuesday,13,Lunch,Sunny,0,17,3,2,23.0,79.2,23.68,250.0,3.3,0
2025-01-02,Thursday,21,Dinner,Sunny,0,29,4,2,30.7,74.1,22.43,518.92,2.9,1
2025-02-10,Monday,19,Dinner,Cloudy,0,29,6,2,19.9,91.1,34.61,1256.58,3.6,2
2025-06-17,Tuesday,20,Dinner,Cloudy,0,25,5,2,27.1,81.6,21.04,551.05,3.5,1
2025-05-03,Saturday,14,Lunch,Cloudy,1,44,7,5,27.9,89.0,23.48,1206.93,3.0,2
2025-03-15,Saturday,18,Dinner,Cloudy,0,31,5,2,26.1,84.9,17.14,814.74,3.6,1
2025-03-15,Saturday,11,Lunch,Rainy,1,29,5,3,28.1,76.9,24.57,629.06,2.8,1
2025-01-23,Thursday,14,Lunch,Sunny,0,35,6,2,19.4,80.2,12.76,366.55,3.8,0
2025-05-17,Saturday,11,Lunch,Sunny,0,57,9,4,12.7,62.1,25.44,1506.74,4.9,0
2025-02-14,Friday,19,Dinner,Rainy,0,41,7,4,22.7,81.7,27.85,1080.4,4.1,1
2025-02-15,Saturday,11,Lunch,Sunny,1,59,8,6,36.5,103.5,19.17,1258.13,2.4,2
2025-04-12,Saturday,20,Dinner,Cloudy,0,59,9,3,26.1,75.1,26.46,1665.57,3.8,0
2025-02-17,Monday,17,Dinner,Rainy,0,21,3,2,25.8,77.5,16.5,250.0,4.1,2
2025-01-10,Friday,11,Lunch,Cloudy,1,43,7,2,16.5,67.5,17.47,924.04,3.3,1
2025-03-18,Tuesday,12,Lunch,Cloudy,1,46,6,4,23.3,85.4,18.97,539.62,3.8,0
2025-03-27,Thursday,17,Dinner,Cloudy,0,43,7,4,29.4,81.6,26.08,1000.79,2.9,3
2025-04-27,Sunday,21,Dinner,Rainy,1,51,9,4,22.8,70.7,22.51,1121.09,3.1,0
2025-05-15,Thursday,20,Dinner,Sunny,1,38,3,3,38.9,93.2,20.24,705.97,2.1,0
2025-02-04,Tuesday,21,Dinner,Sunny,0,23,5,2,23.9,84.4,24.24,495.09,3.2,0
2025-04-30,Wednesday,17,Dinner,Sunny,0,27,3,2,26.0,83.0,15.08,386.58,3.5,0
2025-02-19,Wednesday,12,Lunch,Sunny,0,40,5,3,20.8,66.8,30.46,1406.47,3.4,1
2025-03-26,Wednesday,13,Lunch,Sunny,0,34,5,3,26.0,82.8,18.67,683.38,3.5,0
2025-04-28,Monday,17,Dinner,Rainy,0,44,4,3,19.0,95.9,21.13,1041.68,3.7,0
2025-02-17,Monday,11,Lunch,Sunny,1,44,6,3,34.3,78.4,23.85,1024.19,3.2,5
2025-03-28,Friday,17,Dinner,Cloudy,0,50,7,4,31.9,87.5,31.92,1616.43,2.6,3
2025-05-26,Monday,14,Lunch,Rainy,1,14,3,2,20.6,89.0,20.74,427.71,3.9,2
2025-02-14,Friday,19,Dinner,Sunny,0,59,9,4,24.6,71.8,21.34,1275.96,3.4,2
2025-04-20,Sunday,21,Dinner,Sunny,1,59,10,5,28.1,83.2,21.57,1273.96,3.8,1
2025-03-25,Tuesday,12,Lunch,Cloudy,0,43,5,2,31.7,73.3,26.31,1035.62,3.2,0
2025-04-13,Sunday,12,Lunch,Cloudy,1,42,6,3,26.5,90.3,15.84,505.08,3.2,0
2025-02-17,Monday,13,Lunch,Sunny,0,32,4,2,31.8,78.5,28.66,787.91,2.4,2
2025-05-03,Saturday,18,Dinner,Sunny,0,26,3,2,28.9,98.5,26.61,740.4,3.1,2
2025-03-05,Wednesday,11,Lunch,Sunny,0,51,8,2,21.9,84.7,14.47,784.67,3.2,2
2025-03-08,Saturday,19,Dinner,Cloudy,1,65,11,4,12.0,65.3,19.11,1346.42,5.0,0
2025-03-02,Sunday,20,Dinner,Cloudy,1,48,8,3,38.4,89.8,18.05,594.23,2.4,1
2025-03-10,Monday,18,Dinner,Rainy,0,39,6,4,18.0,83.3,25.1,937.8,3.6,1
2025-03-19,Wednesday,11,Lunch,Cloudy,0,33,5,3,21.0,70.6,21.28,916.45,3.9,1
2025-03-08,Saturday,18,Dinner,Sunny,0,49,7,3,28.4,83.9,19.23,855.16,3.3,1
2025-06-27,Friday,14,Lunch,Sunny,0,51,8,6,15.1,77.1,31.48,1564.46,4.7,1
2025-01-16,Thursday,12,Lunch,Sunny,0,28,4,3,19.0,73.4,28.48,685.2,4.0,1
2025-04-30,Wednesday,17,Dinner,Sunny,1,25,3,2,26.7,72.7,17.83,268.75,3.4,1
2025-02-10,Monday,19,Dinner,Cloudy,0,40,7,2,27.2,87.7,25.08,960.81,3.3,2
2025-06-25,Wednesday,21,Dinner,Sunny,0,37,5,2,20.5,76.7,26.77,1216.47,3.3,1
2025-03-21,Friday,12,Lunch,Sunny,0,55,8,3,20.8,77.1,25.32,1493.08,3.2,0
2025-06-13,Friday,17,Dinner,Sunny,1,59,8,4,26.1,83.7,24.15,1536.57,2.8,1
2025-04-05,Saturday,14,Lunch,Cloudy,0,40,5,2,29.8,62.5,18.96,968.84,2.9,2
2025-02-26,Wednesday,13,Lunch,Rainy,0,8,3,2,13.9,67.4,32.11,529.74,4.3,0
2025-05-03,Saturday,13,Lunch,Cloudy,1,47,6,4,26.6,65.8,18.99,1037.7,2.9,1
2025-04-27,Sunday,18,Dinner,Sunny,0,18,3,2,27.9,73.1,25.16,250.0,3.3,3
2025-04-17,Thursday,21,Dinner,Cloudy,1,32,5,2,25.0,80.4,25.91,806.72,3.7,0
2025-05-01,Thursday,21,Dinner,Sunny,1,40,5,2,20.6,96.5,23.7,920.75,3.5,1
2025-06-20,Friday,14,Lunch,Sunny,1,72,12,7,25.7,77.9,19.81,1269.9,3.4,3
2025-03-05,Wednesday,12,Lunch,Rainy,1,25,5,3,29.3,69.9,16.03,250.0,2.4,2
2025-05-15,Thursday,20,Dinner,Sunny,1,38,5,4,22.4,76.9,25.5,1040.12,3.7,1
2025-05-16,Friday,18,Dinner,Sunny,0,39,6,3,31.4,85.3,17.4,640.95,2.4,2
2025-01-20,Monday,12,Lunch,Cloudy,0,33,7,3,19.5,82.4,21.43,712.28,3.6,3
2025-01-16,Thursday,21,Dinner,Cloudy,1,31,6,4,18.6,73.2,22.9,679.61,3.3,4
2025-05-10,Saturday,14,Lunch,Rainy,0,43,6,4,22.6,72.8,26.71,999.65,3.5,3
2025-05-27,Tuesday,21,Dinner,Cloudy,0,36,7,3,24.8,75.1,22.8,916.17,3.8,3
2025-02-08,Saturday,13,Lunch,Sunny,1,61,11,5,29.9,77.3,21.86,1381.75,2.3,1
2025-03-25,Tuesday,21,Dinner,Rainy,1,22,3,2,29.0,93.1,21.26,383.34,3.0,2
2025-04-24,Thursday,12,Lunch,Cloudy,1,41,8,2,19.3,69.8,19.82,877.12,3.6,1
2025-06-24,Tuesday,14,Lunch,Sunny,1,34,5,2,31.5,72.3,20.36,518.31,2.5,1
2025-05-30,Friday,20,Dinner,Sunny,0,41,6,4,21.5,84.5,25.34,1124.67,4.1,1
2025-01-24,Friday,21,Dinner,Cloudy,1,70,11,3,28.8,61.3,27.05,1942.78,3.0,1
2025-04-25,Friday,11,Lunch,Cloudy,0,43,6,2,31.4,95.6,27.74,1266.69,3.0,1
2025-04-27,Sunday,13,Lunch,Sunny,0,45,6,4,27.7,86.1,25.45,1052.95,3.9,2
2025-05-12,Monday,19,Dinner,Sunny,1,40,7,4,15.3,80.5,20.24,671.9,3.7,1
2025-04-27,Sunday,11,Lunch,Cloudy,0,39,6,2,31.7,86.7,26.06,1189.76,3.3,3
2025-05-24,Saturday,20,Dinner,Sunny,0,43,7,5,17.5,82.8,30.09,1397.25,4.2,0
2025-06-22,Sunday,17,Dinner,Sunny,1,27,5,2,23.0,80.8,22.08,726.78,3.8,1
2025-01-06,Monday,19,Dinner,Sunny,0,26,5,2,18.5,69.2,20.94,477.77,3.4,1
2025-03-07,Friday,11,Lunch,Sunny,0,54,7,4,19.8,74.8,21.62,1103.3,4.5,1
2025-02-25,Tuesday,12,Lunch,Sunny,0,27,5,2,17.8,87.3,23.98,676.25,4.7,0
2025-01-12,Sunday,19,Dinner,Cloudy,0,53,7,5,28.3,74.8,24.75,1257.76,3.1,2
2025-03-30,Sunday,12,Lunch,Sunny,0,36,7,2,22.7,77.9,26.21,843.39,2.6,2
2025-05-19,Monday,11,Lunch,Rainy,0,37,7,2,20.1,75.3,27.12,1012.0,4.5,2
2025-01-18,Saturday,20,Dinner,Sunny,1,38,6,2,26.3,87.0,17.48,777.74,2.9,1
2025-01-09,Thursday,17,Dinner,Sunny,1,32,5,4,16.0,59.0,22.93,627.26,4.2,0
2025-04-15,Tuesday,13,Lunch,Cloudy,0,48,7,4,30.8,86.9,25.45,1084.92,2.6,3
2025-02-04,Tuesday,19,Dinner,Cloudy,0,22,3,2,29.6,80.3,20.23,273.2,2.5,5
2025-04-06,Sunday,19,Dinner,Rainy,1,55,10,4,23.2,84.0,20.0,988.5,3.7,1
2025-04-25,Friday,19,Dinner,Sunny,0,28,6,3,17.4,77.5,23.15,556.34,3.9,0
2025-04-07,Monday,12,Lunch,Rainy,1,49,6,4,30.3,79.3,17.59,1109.29,3.0,1
2025-06-24,Tuesday,21,Dinner,Cloudy,0,25,3,3,14.3,85.5,21.99,377.46,3.9,1
2025-02-04,Tuesday,18,Dinner,Cloudy,0,28,3,2,19.2,78.2,18.25,437.8,3.8,1
2025-01-31,Friday,13,Lunch,Sunny,1,52,5,4,28.0,84.3,26.17,1219.12,3.2,1
2025-05-18,Sunday,19,Dinner,Cloudy,1,24,3,2,28.3,69.0,21.47,798.46,3.2,2
2025-05-16,Friday,13,Lunch,Sunny,1,58,10,4,25.1,82.1,29.38,1585.28,3.9,2
2025-02-27,Thursday,11,Lunch,Cloudy,0,27,4,2,13.9,91.3,21.24,743.74,3.8,0
2025-01-06,Monday,17,Dinner,Sunny,0,50,7,2,25.4,82.1,22.23,1154.52,3.3,1
2025-04-29,Tuesday,21,Dinner,Sunny,0,21,4,2,14.5,74.0,21.74,546.76,4.4,2
2025-04-19,Saturday,21,Dinner,Sunny,1,60,7,3,20.0,78.7,16.85,1039.4,3.9,0
2025-04-08,Tuesday,14,Lunch,Sunny,0,47,8,4,25.4,90.1,18.23,860.41,3.0,1
2025-03-05,Wednesday,20,Dinner,Cloudy,1,39,5,3,18.5,66.8,18.01,780.23,4.0,0
2025-03-30,Sunday,13,Lunch,Cloudy,1,35,6,2,19.9,86.6,18.52,671.54,3.2,1
2025-03-12,Wednesday,14,Lunch,Sunny,0,44,8,2,21.2,80.6,23.22,1136.12,3.0,2
2025-01-29,Wednesday,11,Lunch,Rainy,0,46,8,2,18.5,92.4,25.32,1162.19,3.6,0
2025-06-19,Thursday,19,Dinner,Rainy,1,41,6,3,27.8,89.6,24.58,956.6,4.1,5
2025-06-07,Saturday,11,Lunch,Rainy,0,40,5,3,20.5,67.6,19.66,867.78,4.1,4
2025-03-03,Monday,14,Lunch,Rainy,0,19,3,3,24.0,78.7,24.06,453.99,3.5,1
2025-01-18,Saturday,12,Lunch,Cloudy,1,54,9,3,32.2,96.0,22.83,1217.38,2.1,2
2025-06-02,Monday,11,Lunch,Cloudy,0,11,3,2,21.8,85.1,19.54,364.63,3.4,1
2025-04-25,Friday,11,Lunch,Sunny,0,55,8,4,26.0,85.0,26.55,1491.92,3.1,1
2025-03-04,Tuesday,11,Lunch,Sunny,1,43,5,4,24.9,88.0,22.74,924.05,3.3,1
2025-04-13,Sunday,20,Dinner,Cloudy,1,50,8,3,27.5,75.7,20.08,1106.54,2.9,2
2025-03-01,Saturday,21,Dinner,Sunny,0,35,6,2,25.7,90.4,28.07,829.13,3.4,3
2025-02-25,Tuesday,11,Lunch,Cloudy,0,46,8,4,21.0,88.1,25.04,1200.07,3.2,3
2025-02-05,Wednesday,21,Dinner,Cloudy,1,46,9,4,26.7,78.9,27.43,1188.6,3.4,2
2025-03-16,Sunday,14,Lunch,Sunny,0,46,7,3,21.9,76.3,26.69,1208.27,3.9,4
2025-05-28,Wednesday,18,Dinner,Cloudy,0,50,8,5,24.5,78.7,30.83,1668.77,3.5,4
2025-05-28,Wednesday,18,Dinner,Sunny,0,39,7,2,19.4,62.3,25.29,743.09,3.4,0
2025-03-02,Sunday,17,Dinner,Cloudy,0,40,6,3,29.7,74.7,30.0,1014.93,3.4,2
2025-02-06,Thursday,21,Dinner,Rainy,0,25,3,2,40.2,87.9,27.15,493.03,2.7,1
2025-02-26,Wednesday,19,Dinner,Sunny,0,53,8,5,22.0,75.9,25.11,1421.43,2.9,1
2025-03-18,Tuesday,17,Dinner,Rainy,0,30,4,4,26.9,77.0,23.82,714.28,2.9,1
2025-01-16,Thursday,21,Dinner,Sunny,0,34,5,4,21.9,75.5,26.02,860.93,4.3,0
2025-06-01,Sunday,13,Lunch,Cloudy,1,42,8,2,21.6,71.2,19.95,929.44,4.2,2
2025-06-10,Tuesday,19,Dinner,Rainy,1,42,6,4,21.0,86.0,20.62,920.85,3.2,1
2025-05-23,Friday,20,Dinner,Sunny,0,50,6,6,14.1,73.5,27.57,1533.96,4.4,2
2025-01-13,Monday,18,Dinner,Sunny,1,39,6,3,30.3,73.9,24.27,914.57,2.2,0
2025-06-14,Saturday,19,Dinner,Sunny,0,45,8,3,18.0,85.7,21.15,762.29,3.6,0
2025-05-15,Thursday,18,Dinner,Sunny,1,59,9,4,31.2,79.0,16.36,900.29,2.0,0
2025-06-28,Saturday,19,Dinner,Sunny,1,59,9,6,22.1,68.3,20.64,1185.58,3.7,1
2025-04-15,Tuesday,13,Lunch,Cloudy,0,25,5,2,14.3,64.5,23.06,515.83,3.5,0
2025-03-18,Tuesday,19,Dinner,Sunny,0,34,6,3,25.0,75.1,22.72,717.87,2.8,0
2025-02-17,Monday,21,Dinner,Sunny,0,30,3,4,18.0,88.5,23.15,779.23,3.6,2
2025-05-02,Friday,14,Lunch,Rainy,1,44,7,4,14.8,80.7,16.93,781.22,4.3,0
2025-02-27,Thursday,17,Dinner,Cloudy,0,37,4,2,26.3,80.2,23.14,876.9,2.3,1
2025-02-06,Thursday,20,Dinner,Sunny,0,35,5,2,30.5,84.9,24.38,1030.48,2.9,2
2025-01-15,Wednesday,21,Dinner,Cloudy,0,42,5,4,16.4,81.0,26.89,1302.18,3.5,0
2025-04-16,Wednesday,19,Dinner,Sunny,1,44,9,3,19.6,72.4,17.9,735.0,3.5,1
2025-05-23,Friday,21,Dinner,Cloudy,0,50,8,4,21.2,81.3,24.07,1164.66,3.0,0
2025-02-04,Tuesday,19,Dinner,Sunny,0,35,5,4,22.6,82.4,21.91,861.66,3.7,1
2025-03-04,Tuesday,17,Dinner,Cloudy,1,43,7,4,16.1,78.5,12.25,469.04,3.9,3
2025-02-22,Saturday,18,Dinner,Rainy,0,34,6,4,20.7,64.1,28.22,738.68,3.5,3
2025-06-15,Sunday,12,Lunch,Sunny,0,30,3,2,23.0,89.6,20.8,469.75,4.1,1
2025-04-26,Saturday,18,Dinner,Sunny,1,57,9,5,26.6,90.9,24.55,1268.94,2.8,2
2025-01-24,Friday,21,Dinner,Sunny,0,43,6,3,29.9,88.5,24.05,1033.71,2.6,2
2025-02-18,Tuesday,11,Lunch,Sunny,0,13,3,2,25.5,87.4,25.54,522.59,3.5,6
2025-03-10,Monday,19,Dinner,Sunny,0,31,6,2,25.6,87.9,24.46,1008.65,2.9,3
2025-06-22,Sunday,11,Lunch,Sunny,0,30,5,2,25.4,80.0,21.64,637.96,3.3,0
2025-01-19,Sunday,14,Lunch,Sunny,0,31,5,3,23.1,83.9,23.04,787.38,3.9,2
2025-05-31,Saturday,21,Dinner,Rainy,1,66,11,4,27.2,79.9,17.74,1220.96,3.4,1
2025-02-25,Tuesday,20,Dinner,Sunny,1,45,8,4,15.6,62.1,17.05,949.48,3.6,1
2025-02-23,Sunday,18,Dinner,Cloudy,0,44,6,3,24.4,80.5,26.67,1234.78,2.2,1
2025-03-19,Wednesday,11,Lunch,Rainy,1,40,5,4,26.7,71.0,15.14,874.37,3.9,1
2025-02-24,Monday,14,Lunch,Sunny,0,40,4,3,23.1,79.6,13.8,577.47,2.5,1
2025-01-31,Friday,20,Dinner,Sunny,1,63,10,6,10.5,71.1,18.76,1013.29,4.1,0
2025-03-04,Tuesday,14,Lunch,Cloudy,0,15,3,2,13.6,75.4,20.19,250.0,4.4,1
2025-04-12,Saturday,14,Lunch,Sunny,0,43,6,5,27.8,65.6,22.25,939.43,3.0,4
2025-05-22,Thursday,18,Dinner,Rainy,0,23,3,2,21.5,70.8,20.93,448.46,3.9,1
2025-03-14,Friday,19,Dinner,Cloudy,1,48,7,3,21.1,73.1,26.31,1181.57,4.3,0
2025-04-30,Wednesday,21,Dinner,Sunny,0,25,3,2,26.4,94.8,29.82,872.24,3.6,0
2025-06-16,Monday,18,Dinner,Sunny,1,47,8,4,15.6,81.5,26.05,1343.6,4.0,1
2025-03-20,Thursday,17,Dinner,Sunny,1,50,8,3,36.4,79.5,18.01,1013.5,1.7,3
2025-04-03,Thursday,21,Dinner,Rainy,0,48,7,4,20.7,79.0,19.78,1131.92,3.3,0
2025-05-08,Thursday,20,Dinner,Sunny,0,31,4,3,21.0,79.4,20.98,1032.14,4.2,0
2025-01-26,Sunday,20,Dinner,Cloudy,0,32,4,2,24.9,94.5,23.4,997.0,3.4,4
2025-03-23,Sunday,14,Lunch,Sunny,0,31,4,2,25.4,80.2,29.62,842.5,2.9,0
2025-04-05,Saturday,18,Dinner,Cloudy,1,59,9,5,35.1,85.7,21.05,1322.57,1.7,4
2025-04-16,Wednesday,11,Lunch,Rainy,0,37,5,2,31.2,92.7,19.02,973.2,1.9,1
2025-05-25,Sunday,14,Lunch,Sunny,0,37,5,2,25.6,88.2,30.84,1115.45,3.4,0
2025-02-07,Friday,11,Lunch,Sunny,0,56,8,5,32.5,87.4,27.41,1511.6,2.8,1
2025-03-08,Saturday,21,Dinner,Sunny,0,55,10,5,15.8,73.9,24.11,1287.1,4.1,1
2025-05-30,Friday,19,Dinner,Sunny,0,53,9,6,18.4,81.5,25.78,1395.06,3.8,1
2025-03-17,Monday,13,Lunch,Rainy,0,20,3,2,17.5,80.8,28.43,728.12,4.1,1
2025-02-20,Thursday,18,Dinner,Sunny,0,20,3,2,18.2,57.4,23.4,349.84,3.5,1
2025-02-28,Friday,19,Dinner,Sunny,0,41,5,3,10.5,69.0,26.68,934.98,4.6,0
2025-05-26,Monday,14,Lunch,Sunny,0,46,5,2,45.4,91.9,27.43,1412.86,1.5,4
2025-05-08,Thursday,21,Dinner,Rainy,1,20,3,2,22.5,73.6,20.54,427.38,2.9,1
2025-06-17,Tuesday,18,Dinner,Cloudy,1,39,7,2,15.5,67.6,20.77,1004.12,4.0,0
2025-03-07,Friday,20,Dinner,Cloudy,0,63,9,5,16.0,80.8,23.15,1406.82,3.3,0
2025-06-14,Saturday,20,Dinner,Rainy,0,58,9,3,20.5,77.3,27.94,1684.7,3.3,1
2025-04-28,Monday,13,Lunch,Rainy,0,36,8,2,25.0,74.0,22.55,816.23,3.3,0
2025-04-01,Tuesday,13,Lunch,Rainy,1,62,10,3,32.8,83.1,23.4,1661.3,2.8,2
2025-02-05,Wednesday,21,Dinner,Sunny,0,33,5,3,19.6,83.0,24.86,826.86,3.3,1
2025-05-06,Tuesday,13,Lunch,Sunny,1,38,6,3,25.1,83.1,20.51,568.73,3.1,0
2025-05-19,Monday,11,Lunch,Cloudy,0,44,8,2,29.8,99.2,25.43,1342.01,3.4,0
2025-05-15,Thursday,11,Lunch,Sunny,0,27,3,2,20.7,71.6,22.96,504.39,3.8,2
2025-01-20,Monday,11,Lunch,Cloudy,0,33,5,2,28.4,87.7,23.87,629.74,2.8,0
2025-01-02,Thursday,19,Dinner,Sunny,0,33,4,3,18.7,78.8,24.65,671.16,3.8,1
2025-02-05,Wednesday,14,Lunch,Sunny,1,31,4,2,18.1,88.6,23.03,615.44,4.2,0
2025-01-18,Saturday,13,Lunch,Cloudy,1,44,8,2,20.5,86.3,22.37,946.5,4.1,1
2025-01-03,Friday,14,Lunch,Sunny,0,61,7,5,27.4,73.6,24.11,1437.04,3.6,2
2025-05-10,Saturday,20,Dinner,Cloudy,1,44,8,5,25.2,88.0,17.69,800.22,3.5,0
2025-04-06,Sunday,11,Lunch,Sunny,0,38,7,3,27.4,80.6,18.28,504.03,3.1,1
2025-06-08,Sunday,20,Dinner,Rainy,0,39,6,3,27.5,81.4,20.9,542.44,3.4,0
2025-06-18,Wednesday,20,Dinner,Sunny,1,35,7,2,16.8,81.1,19.3,614.86,3.6,0
2025-01-05,Sunday,11,Lunch,Rainy,1,38,6,2,18.1,66.6,15.85,904.35,3.4,0
2025-05-17,Saturday,21,Dinner,Sunny,0,41,6,3,19.6,88.6,17.1,767.83,4.0,1
2025-04-16,Wednesday,11,Lunch,Sunny,1,35,4,2,31.0,83.9,12.06,342.6,2.5,3
2025-01-05,Sunday,21,Dinner,Cloudy,1,41,7,4,14.4,87.6,15.9,612.63,4.8,1
2025-03-12,Wednesday,21,Dinner,Sunny,0,31,4,3,23.4,94.5,25.95,707.73,3.5,0
2025-03-15,Saturday,11,Lunch,Sunny,0,36,7,2,26.3,88.2,30.04,900.03,2.5,2
2025-05-09,Friday,19,Dinner,Rainy,0,57,8,3,20.2,79.7,20.73,1492.5,4.4,2
2025-02-15,Saturday,12,Lunch,Sunny,0,44,8,2,33.6,94.0,25.32,974.27,2.7,2
2025-01-25,Saturday,21,Dinner,Rainy,0,36,5,2,21.3,86.5,21.03,826.09,4.4,3
2025-02-08,Saturday,14,Lunch,Sunny,1,52,9,3,22.7,96.5,18.58,809.57,3.7,2
2025-02-19,Wednesday,21,Dinner,Sunny,0,36,5,4,20.3,68.8,25.51,957.12,3.6,0
2025-03-06,Thursday,18,Dinner,Sunny,0,39,6,2,31.1,93.2,27.73,1007.23,2.5,2
2025-03-10,Monday,19,Dinner,Sunny,0,35,6,2,27.7,95.0,20.69,628.66,3.6,2
2025-01-21,Tuesday,18,Dinner,Cloudy,1,38,6,2,29.7,86.4,15.41,624.5,3.0,3
2025-04-14,Monday,20,Dinner,Sunny,0,29,5,3,17.7,64.3,25.33,498.57,3.9,1
2025-05-25,Sunday,14,Lunch,Rainy,0,24,4,4,14.2,75.9,34.0,825.99,4.1,2
2025-06-28,Saturday,14,Lunch,Sunny,0,39,4,2,19.8,79.7,27.85,945.02,3.3,1
2025-03-18,Tuesday,12,Lunch,Sunny,0,37,6,2,20.1,73.0,16.79,694.23,3.9,3
2025-06-17,Tuesday,11,Lunch,Sunny,1,54,9,5,20.4,73.6,16.18,903.01,3.0,1
2025-01-24,Friday,19,Dinner,Sunny,0,43,7,2,25.9,80.8,23.63,655.38,3.3,1
2025-04-08,Tuesday,19,Dinner,Sunny,0,40,8,2,24.6,89.5,25.78,1204.08,3.1,2
2025-05-22,Thursday,20,Dinner,Cloudy,1,35,5,3,28.1,74.8,19.9,795.9,2.8,1
2025-01-15,Wednesday,11,Lunch,Rainy,1,24,5,2,12.8,68.8,23.05,556.2,4.4,0
2025-06-29,Sunday,13,Lunch,Sunny,0,48,7,2,16.6,91.7,28.8,1317.0,4.2,2
2025-01-22,Wednesday,20,Dinner,Sunny,0,21,4,2,24.7,85.2,21.32,437.15,3.1,0
2025-04-22,Tuesday,18,Dinner,Sunny,1,57,10,5,24.4,93.1,24.31,1640.54,3.6,1
2025-05-25,Sunday,12,Lunch,Cloudy,0,58,9,5,19.3,69.5,16.26,1001.58,4.2,2
2025-05-16,Friday,11,Lunch,Cloudy,0,43,7,4,21.2,90.0,29.12,1379.19,3.4,0
2025-02-28,Friday,14,Lunch,Sunny,0,35,4,2,29.9,77.9,24.08,847.23,2.5,6
2025-06-27,Friday,20,Dinner,Sunny,0,34,3,2,29.3,78.1,22.28,831.43,2.9,1
2025-03-11,Tuesday,11,Lunch,Sunny,0,48,7,5,29.2,77.9,18.56,883.0,3.5,2
2025-01-20,Monday,17,Dinner,Cloudy,1,58,10,4,29.9,80.3,20.53,1079.42,3.0,2
2025-05-20,Tuesday,11,Lunch,Cloudy,0,28,3,2,20.8,65.8,29.9,924.12,3.5,2
2025-02-15,Saturday,18,Dinner,Cloudy,0,51,9,2,23.5,65.5,29.95,1474.25,2.9,1
2025-01-05,Sunday,14,Lunch,Sunny,0,42,8,3,19.9,82.4,25.63,1094.28,4.0,1
2025-05-31,Saturday,13,Lunch,Cloudy,0,40,8,2,23.5,79.5,20.59,895.54,3.9,2
2025-04-12,Saturday,12,Lunch,Sunny,0,36,6,3,21.2,78.9,25.37,1013.56,4.0,2
2025-03-18,Tuesday,13,Lunch,Sunny,0,32,3,2,32.0,92.1,21.63,1132.56,3.4,3
2025-05-25,Sunday,14,Lunch,Sunny,0,40,6,3,23.0,71.6,29.35,1211.31,3.4,1
2025-05-26,Monday,19,Dinner,Cloudy,1,30,6,2,18.0,75.4,22.67,250.0,3.9,1
2025-06-23,Monday,21,Dinner,Sunny,1,52,9,4,22.5,81.3,19.78,974.45,3.4,1
2025-03-26,Wednesday,19,Dinner,Sunny,0,28,5,3,14.3,85.4,25.7,585.64,3.9,1
2025-02-05,Wednesday,12,Lunch,Sunny,1,45,6,3,35.5,80.6,18.45,1065.71,1.7,2
2025-05-09,Friday,18,Dinner,Sunny,0,40,6,2,16.8,96.9,17.55,729.22,3.2,1
2025-01-14,Tuesday,12,Lunch,Rainy,0,33,5,2,31.3,91.2,18.01,600.02,3.0,2
2025-04-22,Tuesday,14,Lunch,Rainy,1,53,6,4,34.0,72.6,17.26,841.73,2.6,3
2025-01-20,Monday,18,Dinner,Sunny,1,46,8,4,19.9,81.7,13.73,272.89,4.4,0
2025-06-04,Wednesday,19,Dinner,Sunny,0,37,7,2,19.4,70.8,13.31,513.73,4.1,0
2025-03-25,Tuesday,11,Lunch,Cloudy,0,37,4,2,33.7,84.7,19.54,615.03,3.3,3
2025-06-12,Thursday,17,Dinner,Sunny,0,37,5,4,20.3,83.6,27.34,1012.52,3.2,1
2025-04-26,Saturday,20,Dinner,Rainy,0,45,8,4,16.6,86.5,18.9,939.72,4.9,1
2025-02-28,Friday,18,Dinner,Sunny,0,41,9,3,27.2,73.7,21.58,852.42,4.0,1
2025-05-22,Thursday,19,Dinner,Sunny,1,66,11,6,19.2,76.7,16.47,831.06,3.3,0
2025-04-21,Monday,13,Lunch,Cloudy,0,29,5,2,23.3,84.3,17.21,468.51,3.7,1
2025-06-24,Tuesday,19,Dinner,Rainy,1,33,3,3,25.3,80.4,24.59,1099.66,3.4,0
2025-01-22,Wednesday,17,Dinner,Sunny,1,36,6,2,19.1,67.6,25.63,1078.24,3.7,0
2025-03-05,Wednesday,12,Lunch,Rainy,0,27,5,2,26.4,74.4,19.78,537.1,2.6,1
2025-01-22,Wednesday,17,Dinner,Cloudy,1,49,9,3,31.2,83.1,24.5,978.78,2.7,2
2025-02-09,Sunday,19,Dinner,Sunny,1,40,7,4,14.0,87.9,25.85,915.31,4.5,2
2025-06-12,Thursday,13,Lunch,Cloudy,0,39,5,2,28.6,91.9,24.95,976.17,3.2,1
2025-04-10,Thursday,18,Dinner,Rainy,0,31,5,3,20.6,81.9,22.42,968.52,3.7,2
2025-04-03,Thursday,12,Lunch,Rainy,0,53,8,4,21.6,82.4,24.23,1257.7,3.4,2
2025-01-24,Friday,11,Lunch,Rainy,0,43,7,5,15.1,72.9,20.84,1036.6,3.1,1
2025-03-20,Thursday,20,Dinner,Cloudy,0,20,3,2,16.0,88.0,20.52,268.96,4.5,0
2025-04-03,Thursday,17,Dinner,Rainy,0,40,6,5,23.8,75.8,21.43,1037.82,2.8,1
2025-01-27,Monday,13,Lunch,Rainy,0,35,5,2,27.7,75.9,26.21,767.05,3.3,4
2025-01-23,Thursday,13,Lunch,Rainy,0,30,3,2,19.9,96.6,28.82,1189.2,3.7,1
2025-04-21,Monday,20,Dinner,Sunny,0,40,5,2,33.7,99.7,17.39,889.36,3.1,0
2025-05-23,Friday,21,Dinner,Sunny,0,29,4,2,21.6,79.4,26.35,744.92,3.3,2
2025-05-12,Monday,19,Dinner,Rainy,1,47,9,3,22.8,77.5,13.11,563.3,3.3,1
2025-01-27,Monday,11,Lunch,Sunny,0,36,6,5,20.8,67.6,20.53,770.11,4.1,0
2025-01-23,Thursday,18,Dinner,Cloudy,0,31,5,2,25.6,84.0,21.25,799.65,3.0,2
2025-05-22,Thursday,12,Lunch,Sunny,0,41,5,3,25.2,82.7,23.91,816.75,4.0,3
2025-06-02,Monday,18,Dinner,Cloudy,1,51,9,5,24.0,93.6,23.83,1276.31,2.8,1
2025-04-09,Wednesday,11,Lunch,Rainy,0,40,6,3,23.0,78.5,23.34,905.24,2.8,0
2025-03-16,Sunday,19,Dinner,Rainy,0,22,3,2,23.2,69.0,22.25,554.0,3.3,2
2025-04-10,Thursday,12,Lunch,Rainy,1,15,3,2,19.8,74.4,20.93,310.62,3.7,2
2025-05-24,Saturday,14,Lunch,Sunny,0,61,10,5,28.3,84.6,20.18,1172.54,3.4,3
2025-05-27,Tuesday,21,Dinner,Rainy,0,21,5,2,17.4,80.6,26.43,650.14,3.4,0
2025-02-13,Thursday,19,Dinner,Sunny,0,31,6,3,20.6,74.0,21.44,680.96,3.2,0
2025-02-13,Thursday,13,Lunch,Sunny,0,35,4,3,23.6,77.0,26.81,857.98,3.5,3
2025-03-10,Monday,17,Dinner,Sunny,0,52,9,4,19.8,66.3,24.72,1184.17,3.3,3
2025-03-10,Monday,20,Dinner,Rainy,1,29,4,2,18.0,79.9,19.82,393.35,3.2,1
2025-02-07,Friday,12,Lunch,Rainy,1,28,4,2,22.2,80.1,20.55,805.32,4.1,1
2025-02-12,Wednesday,19,Dinner,Sunny,1,34,5,2,17.2,79.3,21.1,856.4,3.8,0
2025-03-12,Wednesday,19,Dinner,Sunny,1,51,10,4,25.0,84.0,14.2,921.8,3.7,4
2025-03-18,Tuesday,20,Dinner,Cloudy,1,29,4,2,26.4,75.4,18.53,561.34,3.7,1
2025-01-20,Monday,18,Dinner,Sunny,0,40,4,4,30.0,85.1,15.57,638.72,2.7,1
2025-03-06,Thursday,14,Lunch,Cloudy,0,32,5,4,31.4,92.5,21.6,692.29,2.8,1
2025-06-10,Tuesday,20,Dinner,Sunny,1,46,7,4,22.8,92.8,18.91,593.55,3.6,4
2025-06-02,Monday,14,Lunch,Rainy,0,39,7,3,16.6,70.1,25.38,1357.14,3.8,0
2025-04-28,Monday,12,Lunch,Cloudy,0,37,4,3,24.4,79.3,27.18,796.52,2.9,1
2025-02-04,Tuesday,17,Dinner,Rainy,0,28,3,2,24.0,73.8,37.23,1128.66,3.3,0
2025-01-02,Thursday,19,Dinner,Rainy,0,33,6,3,16.5,84.6,26.19,1001.6,4.4,2
2025-03-27,Thursday,19,Dinner,Rainy,0,43,6,3,23.6,80.7,20.78,902.13,3.6,1
2025-03-26,Wednesday,20,Dinner,Sunny,0,31,3,3,26.5,82.2,25.44,836.83,2.9,5
2025-03-27,Thursday,19,Dinner,Rainy,0,27,5,2,20.8,81.8,21.67,747.13,4.1,1
2025-06-16,Monday,13,Lunch,Rainy,0,43,5,2,26.9,82.6,19.23,854.0,2.9,1
2025-03-18,Tuesday,18,Dinner,Cloudy,0,31,4,2,30.4,82.9,20.77,730.74,3.3,2
2025-06-04,Wednesday,14,Lunch,Rainy,1,46,8,5,24.3,86.2,14.18,395.22,3.2,0
2025-05-03,Saturday,18,Dinner,Sunny,1,66,10,5,24.7,92.4,21.95,1417.47,3.4,0
2025-02-15,Saturday,19,Dinner,Cloudy,0,45,7,2,19.2,69.8,23.6,1089.88,4.0,0
2025-03-23,Sunday,17,Dinner,Cloudy,0,35,5,3,32.0,87.4,18.15,656.83,2.6,9
2025-06-27,Friday,20,Dinner,Sunny,0,44,8,3,26.8,93.8,19.74,919.21,3.4,1
2025-05-28,Wednesday,14,Lunch,Sunny,0,25,4,2,20.6,92.8,27.1,745.4,3.5,4
2025-03-25,Tuesday,19,Dinner,Cloudy,0,32,5,2,25.8,81.1,24.58,783.93,2.6,0
2025-03-13,Thursday,19,Dinner,Rainy,1,33,5,3,29.1,88.1,17.97,461.95,2.8,1
2025-04-04,Friday,12,Lunch,Cloudy,0,49,7,4,21.3,60.0,29.53,1598.98,2.8,1
2025-05-25,Sunday,14,Lunch,Sunny,1,50,8,3,33.0,75.3,18.07,950.03,2.7,2
2025-06-01,Sunday,21,Dinner,Sunny,1,41,7,3,26.8,78.0,19.34,902.79,3.5,2
2025-02-16,Sunday,21,Dinner,Rainy,1,48,7,3,18.4,72.8,30.8,1329.57,3.6,1
2025-01-07,Tuesday,20,Dinner,Cloudy,0,37,6,3,23.7,79.6,24.91,621.41,3.2,1
2025-02-23,Sunday,20,Dinner,Sunny,0,27,3,2,27.7,74.2,22.45,843.58,3.3,0
2025-03-16,Sunday,12,Lunch,Sunny,0,39,7,3,18.9,75.4,25.0,648.48,3.9,4
2025-04-15,Tuesday,20,Dinner,Sunny,0,32,5,3,22.1,67.5,23.39,745.73,3.5,5
2025-02-05,Wednesday,17,Dinner,Cloudy,1,60,9,4,24.6,80.1,21.38,1544.5,2.8,1
2025-03-03,Monday,17,Dinner,Rainy,0,21,3,2,16.8,75.8,21.45,317.74,3.9,3
2025-06-18,Wednesday,13,Lunch,Cloudy,0,33,5,3,12.3,82.1,26.14,743.66,3.7,0
2025-04-19,Saturday,19,Dinner,Sunny,1,44,8,3,9.8,80.6,21.62,903.78,4.6,0
2025-01-19,Sunday,20,Dinner,Cloudy,0,39,5,3,24.6,77.0,27.26,933.49,3.4,0
2025-06-03,Tuesday,20,Dinner,Cloudy,0,52,9,4,23.3,79.1,18.9,986.5,2.9,2
2025-05-30,Friday,19,Dinner,Sunny,0,43,7,3,23.3,69.6,26.12,1141.86,3.0,2
2025-05-17,Saturday,21,Dinner,Rainy,0,43,8,4,13.6,75.1,22.33,1127.14,4.5,0
2025-06-27,Friday,19,Dinner,Sunny,0,58,10,6,24.7,75.2,23.51,1320.47,4.0,3
2025-05-20,Tuesday,11,Lunch,Rainy,0,25,4,2,21.7,77.5,22.84,710.11,3.9,1
2025-04-03,Thursday,21,Dinner,Cloudy,1,33,5,2,24.8,77.0,22.57,942.67,2.9,0
2025-06-02,Monday,12,Lunch,Rainy,0,45,8,4,22.3,84.7,23.85,891.85,3.6,4
2025-01-28,Tuesday,14,Lunch,Sunny,0,46,8,3,25.0,71.2,26.15,1258.62,3.4,3
2025-06-18,Wednesday,18,Dinner,Sunny,1,40,6,5,13.2,60.4,25.35,713.47,4.5,0
2025-02-12,Wednesday,11,Lunch,Sunny,0,47,7,2,30.6,90.2,20.7,1164.84,3.5,3
2025-05-25,Sunday,19,Dinner,Cloudy,1,41,6,3,28.6,66.2,18.46,680.08,3.7,2
2025-03-26,Wednesday,19,Dinner,Sunny,0,49,8,5,25.7,81.9,30.34,1430.46,2.8,3
2025-01-28,Tuesday,11,Lunch,Sunny,1,41,6,3,15.6,75.7,24.84,881.39,3.9,1
2025-01-26,Sunday,17,Dinner,Sunny,0,42,8,4,25.1,74.6,21.02,754.38,3.2,0
2025-02-26,Wednesday,21,Dinner,Rainy,0,33,4,2,23.6,86.6,24.02,921.25,2.6,0
2025-05-13,Tuesday,21,Dinner,Cloudy,0,38,6,4,8.3,73.0,21.56,1027.57,4.7,0
2025-05-29,Thursday,14,Lunch,Cloudy,0,30,4,3,24.7,74.6,22.15,558.02,3.4,1
2025-04-25,Friday,18,Dinner,Sunny,1,45,8,3,20.7,82.7,20.39,539.48,3.6,1
2025-04-11,Friday,20,Dinner,Sunny,0,31,4,2,22.5,83.8,23.89,455.43,3.5,0
2025-06-23,Monday,21,Dinner,Rainy,1,24,3,3,24.5,96.9,16.54,287.64,3.2,2
2025-02-08,Saturday,18,Dinner,Sunny,0,72,11,4,24.6,70.1,22.56,1331.81,3.6,1
2025-01-07,Tuesday,20,Dinner,Rainy,0,42,6,4,28.7,75.7,21.76,1049.16,2.5,2
2025-01-27,Monday,17,Dinner,Sunny,0,15,3,2,15.5,76.9,29.2,250.0,3.8,0
2025-04-17,Thursday,12,Lunch,Sunny,1,41,6,3,15.8,68.5,21.44,582.61,3.9,0
2025-01-30,Thursday,13,Lunch,Cloudy,1,51,9,2,36.0,89.6,24.92,1239.43,1.9,1
2025-03-31,Monday,17,Dinner,Rainy,0,38,6,3,20.3,80.2,22.2,985.97,3.9,0
2025-03-29,Saturday,20,Dinner,Cloudy,1,68,12,5,34.0,82.2,21.0,1496.26,3.2,3
2025-02-22,Saturday,21,Dinner,Rainy,0,46,7,3,27.1,74.4,29.78,1062.8,3.8,5
2025-05-04,Sunday,18,Dinner,Rainy,0,19,3,2,26.5,84.6,21.43,541.68,3.0,2
2025-05-02,Friday,12,Lunch,Sunny,1,44,9,2,23.5,81.9,20.26,751.85,4.2,0
2025-04-23,Wednesday,20,Dinner,Sunny,1,34,6,2,30.9,98.9,18.77,578.33,2.8,5
2025-03-23,Sunday,12,Lunch,Rainy,1,24,3,4,17.9,74.3,15.6,257.17,3.6,1
2025-03-18,Tuesday,11,Lunch,Rainy,0,32,6,3,21.5,79.6,21.44,985.5,3.2,2
2025-01-30,Thursday,11,Lunch,Rainy,0,32,5,2,22.9,86.2,17.94,539.03,3.7,0
2025-03-29,Saturday,12,Lunch,Rainy,0,29,4,2,17.8,75.3,12.49,337.77,3.8,0
2025-06-23,Monday,13,Lunch,Sunny,0,37,5,2,28.9,72.4,19.81,748.14,3.7,0
2025-03-04,Tuesday,21,Dinner,Rainy,0,31,5,5,16.2,76.7,29.2,1128.12,3.1,1
2025-02-14,Friday,21,Dinner,Sunny,0,44,8,3,17.0,92.9,25.91,1012.83,3.8,0
2025-02-10,Monday,18,Dinner,Cloudy,1,46,6,4,16.7,78.4,24.76,1232.93,4.0,3
2025-05-24,Saturday,19,Dinner,Sunny,1,58,9,5,35.4,90.5,21.29,1294.29,1.9,2
2025-04-29,Tuesday,14,Lunch,Cloudy,0,27,5,3,21.1,79.7,18.23,641.58,3.7,1
2025-04-14,Monday,13,Lunch,Rainy,1,43,7,3,18.1,74.4,23.3,1198.25,3.2,2
2025-02-17,Monday,19,Dinner,Sunny,0,34,6,2,26.8,75.8,25.75,838.96,3.8,0
2025-04-12,Saturday,11,Lunch,Sunny,0,43,7,4,26.5,90.7,25.88,1162.73,2.7,4
2025-06-07,Saturday,14,Lunch,Cloudy,1,50,6,4,35.0,80.6,15.75,1026.18,2.2,3
2025-04-26,Saturday,19,Dinner,Cloudy,0,58,9,5,23.0,82.3,30.05,1514.95,3.3,3
2025-04-10,Thursday,11,Lunch,Sunny,0,32,7,5,21.1,75.8,23.63,806.4,4.2,1
2025-02-24,Monday,14,Lunch,Sunny,0,34,6,2,23.5,79.4,16.92,661.55,3.8,3
2025-03-13,Thursday,12,Lunch,Cloudy,0,35,4,3,28.2,81.9,22.75,867.95,3.0,0
2025-05-28,Wednesday,12,Lunch,Cloudy,0,40,6,3,22.0,78.3,19.91,588.24,4.0,1
2025-05-18,Sunday,13,Lunch,Rainy,1,26,3,2,27.0,75.4,17.45,250.0,2.9,0
2025-04-04,Friday,18,Dinner,Sunny,0,63,10,5,18.9,73.5,24.33,1528.34,4.4,2
2025-02-20,Thursday,20,Dinner,Cloudy,1,44,6,2,28.3,68.3,22.48,788.66,2.8,3
2025-01-30,Thursday,17,Dinner,Rainy,0,38,6,2,22.8,77.9,18.07,741.72,3.6,2
2025-06-21,Saturday,20,Dinner,Rainy,0,49,9,5,10.3,61.8,20.94,906.67,4.0,0
2025-05-16,Friday,18,Dinner,Rainy,1,39,5,3,20.2,89.9,30.21,1259.84,4.0,1
2025-06-02,Monday,19,Dinner,Sunny,0,40,5,3,17.0,73.6,18.01,751.42,3.6,2
2025-06-06,Friday,19,Dinner,Sunny,1,55,8,3,33.7,93.6,22.96,1376.63,2.4,0
2025-05-31,Saturday,12,Lunch,Cloudy,0,45,5,2,26.9,86.5,11.02,491.68,3.5,1
2025-03-31,Monday,18,Dinner,Sunny,0,44,6,2,27.9,82.8,24.97,1130.78,3.4,1
2025-04-28,Monday,13,Lunch,Rainy,1,46,7,3,27.0,97.0,21.66,1123.78,2.5,2
2025-06-22,Sunday,17,Dinner,Sunny,0,35,3,2,27.5,98.5,23.1,634.14,3.5,1
2025-06-07,Saturday,12,Lunch,Rainy,0,56,8,5,27.0,86.9,16.51,709.48,2.9,1
2025-06-22,Sunday,13,Lunch,Sunny,1,45,7,4,25.6,76.7,20.82,1197.95,3.5,0
2025-03-22,Saturday,12,Lunch,Sunny,0,57,8,3,28.4,85.0,19.0,895.05,3.0,1
2025-03-03,Monday,17,Dinner,Sunny,0,39,7,3,22.4,94.6,18.25,890.44,3.9,2
2025-01-30,Thursday,13,Lunch,Cloudy,1,44,9,4,27.1,82.9,18.54,925.79,3.3,2
2025-04-06,Sunday,13,Lunch,Cloudy,0,26,4,2,26.3,76.1,26.0,634.88,2.6,2
2025-05-11,Sunday,19,Dinner,Cloudy,1,33,5,3,26.3,85.1,17.92,406.64,3.1,2
2025-04-18,Friday,13,Lunch,Cloudy,0,54,9,4,20.6,75.5,19.16,1161.55,2.9,0
2025-05-28,Wednesday,19,Dinner,Cloudy,0,38,7,2,16.9,72.4,27.26,1353.14,4.1,0
2025-04-19,Saturday,13,Lunch,Sunny,0,38,5,3,22.0,79.6,22.72,1067.32,3.7,0
2025-05-05,Monday,21,Dinner,Sunny,1,31,5,3,10.0,83.6,22.85,555.22,4.6,2
2025-06-27,Friday,13,Lunch,Sunny,1,62,11,4,27.6,76.3,20.86,1413.0,2.6,1
2025-05-23,Friday,13,Lunch,Cloudy,0,45,7,3,26.6,80.1,23.05,1075.0,3.6,0
2025-05-06,Tuesday,17,Dinner,Sunny,1,36,4,2,33.4,91.7,20.12,640.42,2.0,3
2025-02-05,Wednesday,13,Lunch,Sunny,0,28,4,2,22.9,85.0,25.73,594.64,3.5,2
2025-03-22,Saturday,20,Dinner,Cloudy,1,33,5,4,6.1,74.2,21.21,820.1,5.0,0
2025-06-08,Sunday,11,Lunch,Sunny,1,50,6,4,27.6,65.7,23.9,1223.0,3.2,0
2025-04-02,Wednesday,11,Lunch,Rainy,0,18,3,3,26.6,76.7,30.14,541.88,4.3,3
2025-05-05,Monday,13,Lunch,Rainy,0,31,4,2,19.4,62.4,23.2,908.54,4.1,0
2025-02-19,Wednesday,19,Dinner,Sunny,0,34,5,4,31.4,80.1,26.4,773.43,2.8,4
2025-05-24,Saturday,21,Dinner,Sunny,0,34,7,3,25.1,90.9,20.4,881.07,3.1,0
2025-06-17,Tuesday,20,Dinner,Sunny,0,29,5,2,19.4,73.5,17.74,545.17,3.6,1
2025-04-15,Tuesday,20,Dinner,Sunny,0,46,6,4,25.2,79.6,28.32,1379.22,3.9,3
2025-04-17,Thursday,20,Dinner,Sunny,0,10,3,2,21.6,83.4,23.68,326.63,4.1,0
2025-05-06,Tuesday,13,Lunch,Cloudy,1,49,7,4,24.5,77.6,29.26,1698.25,3.2,0
2025-01-22,Wednesday,11,Lunch,Cloudy,1,39,8,2,19.3,70.7,20.29,693.99,3.2,2
2025-02-26,Wednesday,17,Dinner,Cloudy,0,33,5,3,26.9,83.0,22.36,1041.48,3.2,0
2025-01-09,Thursday,17,Dinner,Sunny,0,34,3,4,17.6,74.0,22.98,637.0,4.6,0
2025-02-27,Thursday,21,Dinner,Sunny,0,29,4,2,25.9,62.0,22.9,574.05,3.7,2
2025-03-15,Saturday,13,Lunch,Cloudy,1,54,6,4,33.3,84.7,18.01,921.2,2.7,0
2025-04-28,Monday,20,Dinner,Sunny,1,29,4,2,25.8,74.7,17.49,529.44,3.0,2
2025-05-21,Wednesday,21,Dinner,Sunny,0,35,6,4,12.6,74.7,23.74,820.89,4.3,1
2025-01-29,Wednesday,12,Lunch,Sunny,1,40,7,3,24.3,66.9,30.2,1134.77,3.3,1
2025-03-10,Monday,21,Dinner,Rainy,1,40,6,3,17.1,71.4,22.18,931.03,3.8,3
2025-04-04,Friday,21,Dinner,Sunny,0,43,6,3,20.1,80.2,24.99,1002.04,4.1,1
2025-01-11,Saturday,20,Dinner,Cloudy,1,67,11,5,28.0,83.2,26.91,1805.67,3.5,2
2025-05-20,Tuesday,14,Lunch,Sunny,0,36,6,2,27.8,65.6,16.07,503.67,3.3,1
2025-04-19,Saturday,12,Lunch,Sunny,0,58,10,3,23.9,69.7,23.33,1333.66,3.1,5
2025-06-17,Tuesday,14,Lunch,Sunny,1,44,5,3,21.9,85.1,23.51,928.87,3.9,1
2025-03-18,Tuesday,11,Lunch,Sunny,0,41,3,4,27.3,68.8,23.4,1123.28,3.4,1
2025-04-26,Saturday,17,Dinner,Sunny,0,62,10,8,18.3,70.2,22.43,1597.41,3.6,2
2025-03-31,Monday,12,Lunch,Cloudy,0,35,5,4,21.6,76.9,20.28,586.07,3.7,1
2025-04-23,Wednesday,12,Lunch,Cloudy,1,44,7,4,35.2,96.0,18.34,648.89,2.1,3
2025-03-02,Sunday,14,Lunch,Sunny,0,42,7,3,26.9,78.9,21.77,670.46,3.6,1
2025-05-31,Saturday,18,Dinner,Rainy,0,43,7,2,32.6,97.1,22.26,1013.08,2.6,3
2025-06-06,Friday,19,Dinner,Rainy,1,30,5,2,26.2,73.3,26.19,1009.95,3.2,3
2025-02-12,Wednesday,13,Lunch,Sunny,1,48,9,3,26.3,62.3,19.27,1320.68,3.4,1
2025-02-22,Saturday,14,Lunch,Rainy,0,65,10,3,20.6,71.2,19.95,1432.88,3.8,1
2025-01-16,Thursday,18,Dinner,Rainy,1,56,7,5,25.9,68.9,19.71,1125.88,4.1,0
2025-05-17,Saturday,17,Dinner,Sunny,0,52,8,5,16.0,73.8,24.6,1103.62,4.3,0
2025-06-02,Monday,21,Dinner,Cloudy,1,50,8,3,33.4,75.7,17.28,1168.87,2.0,0
2025-02-13,Thursday,18,Dinner,Sunny,1,40,7,5,21.8,74.0,17.72,729.04,3.3,1
2025-03-16,Sunday,17,Dinner,Sunny,1,31,5,2,23.7,83.1,17.17,406.7,3.5,2
2025-05-27,Tuesday,17,Dinner,Sunny,0,39,6,2,30.7,81.8,20.65,981.02,3.4,3
2025-05-12,Monday,12,Lunch,Sunny,0,41,6,3,23.2,66.2,24.05,932.18,3.3,1
2025-02-04,Tuesday,19,Dinner,Sunny,1,54,9,4,23.4,76.5,21.64,1230.6,4.5,1
2025-01-16,Thursday,17,Dinner,Sunny,1,18,3,2,22.6,79.0,25.74,788.95,3.8,2
2025-06-17,Tuesday,13,Lunch,Sunny,0,45,5,4,20.8,70.2,22.86,932.07,3.7,1
2025-06-29,Sunday,13,Lunch,Cloudy,1,40,6,5,24.7,86.6,20.12,740.14,3.7,2
2025-03-05,Wednesday,13,Lunch,Rainy,0,27,3,2,26.6,95.8,24.92,564.14,2.8,0
2025-03-24,Monday,14,Lunch,Cloudy,0,40,6,4,12.7,67.0,22.32,716.96,3.5,1
2025-06-23,Monday,19,Dinner,Sunny,1,50,8,5,21.3,78.3,17.67,838.32,3.4,0
2025-05-06,Tuesday,13,Lunch,Rainy,1,49,8,3,27.3,74.9,20.87,907.78,2.9,3
2025-05-28,Wednesday,17,Dinner,Sunny,0,45,5,5,17.7,81.9,18.92,762.12,3.0,2
2025-06-10,Tuesday,19,Dinner,Rainy,1,32,7,2,14.8,71.9,14.59,367.83,4.2,0
2025-04-07,Monday,20,Dinner,Sunny,1,38,4,4,16.2,67.5,13.23,588.55,4.6,0
2025-01-20,Monday,12,Lunch,Sunny,0,38,3,4,25.8,70.1,18.93,868.09,3.5,3
2025-04-14,Monday,21,Dinner,Sunny,1,49,9,3,25.4,79.8,25.45,1413.46,2.9,3
2025-03-13,Thursday,18,Dinner,Rainy,1,26,3,3,19.9,73.0,25.91,714.05,3.7,0
2025-04-27,Sunday,20,Dinner,Rainy,1,37,7,4,22.9,74.3,18.42,555.37,3.4,0
2025-03-25,Tuesday,11,Lunch,Sunny,1,40,8,3,29.4,92.7,16.46,887.2,3.7,2
2025-01-24,Friday,20,Dinner,Rainy,0,49,8,3,28.9,78.7,30.44,1377.07,2.7,2
2025-06-12,Thursday,18,Dinner,Cloudy,1,36,6,3,18.0,72.5,26.17,1176.52,4.0,2
2025-01-17,Friday,21,Dinner,Sunny,0,46,6,2,27.8,89.7,26.66,1217.4,3.0,2
2025-04-12,Saturday,14,Lunch,Sunny,0,42,6,3,23.3,64.0,29.08,1073.85,3.1,2
2025-04-20,Sunday,14,Lunch,Sunny,0,38,7,3,26.5,79.9,28.89,1108.56,2.5,2
2025-05-07,Wednesday,17,Dinner,Cloudy,0,21,4,2,19.2,76.2,27.28,411.3,4.0,2
2025-03-24,Monday,17,Dinner,Cloudy,0,29,5,2,22.7,88.8,19.74,408.09,3.7,1
2025-03-28,Friday,21,Dinner,Cloudy,0,34,5,2,22.2,77.2,26.3,695.91,3.3,2
2025-05-28,Wednesday,13,Lunch,Sunny,1,42,7,2,34.5,81.4,18.77,761.08,2.4,2
2025-05-25,Sunday,20,Dinner,Cloudy,0,32,4,2,30.1,80.8,17.56,818.84,3.2,0
2025-03-29,Saturday,11,Lunch,Sunny,1,53,8,3,28.9,87.1,22.82,1064.4,3.1,1
2025-01-12,Sunday,12,Lunch,Sunny,0,35,4,2,24.1,72.4,20.19,708.73,3.1,1
2025-06-10,Tuesday,20,Dinner,Cloudy,1,43,8,4,22.2,74.9,20.33,874.87,3.8,1
2025-01-05,Sunday,12,Lunch,Sunny,0,28,4,2,20.0,71.6,25.01,685.77,3.5,1
2025-02-10,Monday,20,Dinner,Sunny,1,54,8,4,20.5,63.9,23.22,1371.51,3.6,0
2025-04-27,Sunday,11,Lunch,Sunny,0,30,5,2,29.6,88.8,25.43,960.9,3.3,1
2025-04-20,Sunday,14,Lunch,Rainy,0,23,3,2,23.9,66.8,26.46,807.98,4.0,1
2025-06-26,Thursday,13,Lunch,Cloudy,0,35,5,2,26.2,84.8,16.41,783.88,3.4,3
2025-06-16,Monday,17,Dinner,Sunny,0,50,7,4,18.8,71.0,20.98,1266.07,4.0,0
2025-02-10,Monday,17,Dinner,Cloudy,0,33,6,2,22.8,80.0,23.92,801.22,3.6,1
2025-01-24,Friday,18,Dinner,Sunny,0,50,8,5,23.0,79.3,27.52,1566.32,2.9,1
2025-03-06,Thursday,12,Lunch,Sunny,1,43,6,4,27.7,95.4,24.17,1017.2,3.1,2
2025-04-06,Sunday,13,Lunch,Rainy,1,43,6,5,17.5,77.5,17.83,1087.94,4.6,2
2025-01-14,Tuesday,19,Dinner,Rainy,0,18,3,2,18.9,66.3,22.83,595.16,4.2,0
2025-06-10,Tuesday,17,Dinner,Sunny,0,23,3,2,17.3,77.9,22.5,421.83,4.7,1
2025-06-29,Sunday,14,Lunch,Sunny,0,57,11,4,27.8,86.5,29.62,1672.26,3.3,4
2025-04-20,Sunday,12,Lunch,Rainy,0,11,3,2,11.3,71.0,26.52,296.43,4.3,0
2025-01-25,Saturday,11,Lunch,Sunny,1,52,8,4,21.6,91.0,19.67,930.12,3.5,2
2025-02-24,Monday,20,Dinner,Sunny,0,41,4,2,20.1,73.2,24.71,1029.96,4.6,0
2025-01-20,Monday,13,Lunch,Cloudy,0,55,8,5,24.2,79.5,22.85,1235.01,3.3,2
2025-06-01,Sunday,14,Lunch,Cloudy,0,17,3,2,14.5,67.1,24.26,452.44,3.8,1
2025-05-13,Tuesday,20,Dinner,Sunny,0,37,6,2,24.3,70.3,26.04,813.95,3.1,3
2025-01-03,Friday,11,Lunch,Sunny,0,59,11,4,26.4,78.2,29.01,1634.36,4.0,1
2025-06-28,Saturday,18,Dinner,Cloudy,0,40,7,2,27.3,88.6,32.59,1375.91,3.5,1
2025-01-31,Friday,19,Dinner,Cloudy,0,46,7,3,21.6,74.9,27.31,1282.57,3.7,1
2025-06-27,Friday,13,Lunch,Sunny,1,58,9,6,16.8,80.8,22.99,1416.02,4.2,1
2025-05-03,Saturday,12,Lunch,Sunny,0,43,6,4,19.9,65.0,20.84,776.29,4.1,3
2025-02-28,Friday,19,Dinner,Cloudy,0,53,9,2,27.0,83.7,21.96,1031.27,3.5,2
2025-01-23,Thursday,12,Lunch,Cloudy,0,34,4,2,26.7,69.1,20.59,660.55,3.1,2
2025-01-27,Monday,18,Dinner,Sunny,0,29,6,2,15.4,70.5,23.22,472.94,4.6,0
2025-04-05,Saturday,17,Dinner,Cloudy,1,38,7,2,25.6,86.0,27.51,945.72,2.9,2
2025-02-05,Wednesday,19,Dinner,Rainy,0,44,8,4,8.5,71.1,22.56,1017.84,4.1,2
2025-02-04,Tuesday,13,Lunch,Rainy,0,16,3,2,18.4,73.1,20.06,427.31,3.8,1
2025-01-18,Saturday,21,Dinner,Rainy,1,50,8,4,20.6,66.8,25.22,1019.99,3.6,4
2025-05-25,Sunday,11,Lunch,Rainy,1,22,3,2,28.8,81.3,29.69,952.87,2.7,0
2025-06-06,Friday,13,Lunch,Cloudy,0,33,6,2,28.9,86.4,23.77,884.07,3.6,1
2025-04-23,Wednesday,18,Dinner,Sunny,0,47,7,6,18.0,72.8,25.98,1335.3,4.0,0
2025-02-24,Monday,13,Lunch,Sunny,1,41,6,2,14.4,80.2,21.07,798.28,3.8,0
2025-04-16,Wednesday,20,Dinner,Rainy,0,30,3,3,24.9,75.3,21.74,827.32,3.7,1
2025-02-25,Tuesday,12,Lunch,Cloudy,0,37,6,4,22.2,70.0,36.19,1121.99,2.7,1
2025-01-26,Sunday,13,Lunch,Rainy,0,9,3,2,23.8,89.9,18.08,250.0,3.4,1
2025-02-01,Saturday,19,Dinner,Rainy,0,37,6,2,23.4,77.9,22.27,925.55,3.3,1
2025-03-31,Monday,19,Dinner,Sunny,1,37,5,2,16.6,84.4,22.17,857.95,3.6,0
2025-03-22,Saturday,13,Lunch,Sunny,0,49,7,2,26.9,80.9,23.67,1208.98,3.2,3
2025-03-05,Wednesday,17,Dinner,Cloudy,1,52,8,4,30.5,85.3,20.51,1362.58,2.6,4
2025-06-15,Sunday,12,Lunch,Sunny,0,30,3,2,29.6,79.1,25.83,536.23,3.3,0
2025-03-05,Wednesday,21,Dinner,Cloudy,0,46,9,3,23.0,82.4,25.49,1040.82,4.2,3
2025-06-03,Tuesday,17,Dinner,Sunny,0,18,3,2,20.8,87.1,21.17,343.24,3.6,1
2025-06-26,Thursday,11,Lunch,Sunny,0,43,7,2,24.1,70.9,22.99,1428.12,4.1,2
2025-06-18,Wednesday,17,Dinner,Sunny,0,42,8,3,22.1,83.7,28.05,1191.4,3.7,1
2025-02-22,Saturday,21,Dinner,Sunny,1,43,7,3,23.9,69.1,15.73,577.69,3.3,1
2025-06-05,Thursday,21,Dinner,Rainy,0,32,5,2,28.8,89.6,30.87,922.29,4.0,2
2025-02-18,Tuesday,19,Dinner,Sunny,0,41,8,3,16.0,71.3,19.82,708.57,3.8,1
2025-03-17,Monday,11,Lunch,Rainy,1,55,10,4,30.6,93.6,24.93,1415.59,3.0,0
2025-03-03,Monday,20,Dinner,Cloudy,0,32,6,2,23.5,87.7,22.24,447.67,2.7,0
2025-04-09,Wednesday,12,Lunch,Cloudy,0,24,3,3,18.9,75.6,23.02,589.12,3.8,3
2025-03-03,Monday,20,Dinner,Cloudy,1,38,7,3,16.8,68.6,21.34,1228.81,4.3,0
2025-06-13,Friday,12,Lunch,Sunny,1,52,7,3,36.6,92.3,16.83,962.29,1.6,4
2025-05-16,Friday,11,Lunch,Sunny,0,43,6,3,24.0,72.2,25.52,1041.8,3.1,1
2025-04-03,Thursday,18,Dinner,Sunny,0,35,6,3,28.2,84.2,18.72,614.83,2.7,2
2025-02-03,Monday,19,Dinner,Sunny,1,39,6,3,14.4,78.6,15.46,534.76,5.0,2
2025-05-26,Monday,19,Dinner,Rainy,0,28,4,2,23.8,63.6,16.81,523.12,4.0,0
2025-04-04,Friday,21,Dinner,Sunny,0,48,8,4,21.5,78.9,23.48,942.03,3.5,1
2025-06-24,Tuesday,13,Lunch,Rainy,0,32,5,2,31.1,74.9,23.29,793.55,2.7,3
2025-05-01,Thursday,12,Lunch,Cloudy,0,37,5,2,19.9,70.2,23.45,1299.02,4.8,0
2025-01-05,Sunday,12,Lunch,Cloudy,0,31,6,2,18.2,87.9,17.1,558.73,3.7,4
2025-01-04,Saturday,17,Dinner,Sunny,0,41,6,3,19.6,67.2,31.24,1308.97,4.1,3
2025-02-25,Tuesday,11,Lunch,Sunny,1,45,5,3,18.9,59.4,23.98,1221.52,4.3,3
2025-01-16,Thursday,19,Dinner,Sunny,1,49,10,2,23.2,96.3,15.72,790.07,2.7,0
2025-05-10,Saturday,17,Dinner,Sunny,0,36,6,2,25.6,86.7,22.13,804.54,3.8,0
2025-06-10,Tuesday,21,Dinner,Sunny,1,48,7,2,24.7,80.7,20.99,1093.82,3.5,2
2025-04-17,Thursday,19,Dinner,Cloudy,1,31,4,2,23.8,86.7,19.96,669.4,3.3,2
2025-06-29,Sunday,19,Dinner,Cloudy,1,43,5,3,22.9,79.9,23.11,769.97,3.1,6
2025-01-22,Wednesday,21,Dinner,Sunny,0,41,6,5,24.8,84.9,22.8,1066.01,3.2,0
2025-05-18,Sunday,13,Lunch,Cloudy,0,29,4,2,21.4,87.5,23.4,686.89,3.8,2
2025-03-13,Thursday,12,Lunch,Rainy,1,55,8,3,30.0,87.4,16.66,736.12,2.7,0
2025-03-21,Friday,12,Lunch,Sunny,0,43,8,4,23.4,90.9,22.28,598.33,3.3,2
2025-05-11,Sunday,14,Lunch,Sunny,0,28,4,2,32.4,84.3,22.85,722.6,3.1,2
2025-02-09,Sunday,21,Dinner,Sunny,0,34,5,4,15.6,63.9,29.08,893.75,4.0,0
2025-03-25,Tuesday,19,Dinner,Cloudy,1,41,4,4,21.9,80.9,19.74,790.53,3.5,1
2025-05-31,Saturday,12,Lunch,Sunny,0,60,10,5,28.8,94.1,21.82,1161.11,3.0,0
2025-03-21,Friday,19,Dinner,Sunny,0,33,3,2,32.1,78.7,22.72,777.5,2.4,3
2025-03-03,Monday,11,Lunch,Cloudy,0,43,6,2,33.9,90.6,23.28,929.33,2.6,2
2025-03-04,Tuesday,12,Lunch,Sunny,0,32,5,2,29.9,76.6,23.25,489.24,2.2,1
2025-04-22,Tuesday,12,Lunch,Sunny,0,40,7,4,17.8,63.0,25.04,1202.94,3.5,1
2025-04-27,Sunday,11,Lunch,Sunny,1,34,4,5,20.6,79.4,17.74,747.17,3.7,2
2025-03-21,Friday,13,Lunch,Sunny,1,54,9,4,25.4,78.0,17.88,917.48,2.7,2
2025-01-31,Friday,11,Lunch,Sunny,0,43,6,2,21.8,83.8,26.77,1247.45,3.6,2
2025-02-05,Wednesday,11,Lunch,Rainy,0,39,5,2,22.4,87.1,18.3,762.55,3.8,2
2025-02-11,Tuesday,20,Dinner,Sunny,0,23,3,3,19.5,86.6,21.13,619.32,4.1,1
2025-03-30,Sunday,21,Dinner,Cloudy,1,56,9,6,18.9,78.6,16.67,710.01,3.5,1
2025-05-13,Tuesday,17,Dinner,Cloudy,0,43,7,2,18.7,80.4,22.71,775.64,3.1,1
2025-02-12,Wednesday,18,Dinner,Rainy,1,60,10,5,23.4,90.0,29.39,1750.97,3.3,2
2025-02-02,Sunday,17,Dinner,Sunny,0,36,6,2,20.9,66.7,29.73,1066.92,3.4,2
2025-01-31,Friday,11,Lunch,Sunny,0,53,7,2,24.9,68.4,17.36,1006.1,3.7,0
2025-03-27,Thursday,19,Dinner,Rainy,1,29,6,2,22.9,84.3,24.59,525.88,4.1,1
2025-03-11,Tuesday,21,Dinner,Cloudy,1,38,5,3,29.6,83.4,19.84,690.28,3.3,0
2025-01-17,Friday,17,Dinner,Sunny,0,47,7,2,31.0,98.0,20.55,805.85,2.9,2
2025-05-28,Wednesday,12,Lunch,Cloudy,0,43,6,4,29.4,86.7,22.66,1058.29,2.4,2
2025-05-08,Thursday,20,Dinner,Sunny,1,23,3,3,25.7,76.1,18.82,509.98,3.8,1
2025-05-11,Sunday,18,Dinner,Sunny,0,30,5,2,24.2,72.4,24.95,550.94,3.1,3
2025-01-15,Wednesday,20,Dinner,Cloudy,0,32,6,3,25.9,94.7,21.32,607.44,3.4,2
2025-05-26,Monday,13,Lunch,Sunny,1,41,6,4,28.1,75.0,25.71,1021.37,2.9,1
2025-04-05,Saturday,13,Lunch,Cloudy,0,24,3,2,31.5,74.7,25.44,564.11,2.7,0
2025-03-07,Friday,12,Lunch,Cloudy,1,56,8,5,28.4,76.3,21.08,1189.25,3.1,3
2025-05-27,Tuesday,12,Lunch,Sunny,1,41,6,3,18.6,64.4,22.72,1043.37,3.8,2
2025-02-28,Friday,21,Dinner,Sunny,0,52,7,4,23.3,70.5,26.0,1429.96,2.9,1
2025-01-01,Wednesday,11,Lunch,Sunny,1,69,12,5,23.8,56.1,21.85,1161.65,3.3,4
2025-01-04,Saturday,14,Lunch,Rainy,0,23,5,2,24.2,82.4,23.03,560.33,3.1,1
2025-01-12,Sunday,20,Dinner,Rainy,1,34,5,2,20.5,51.7,18.98,624.9,4.4,2
2025-04-04,Friday,19,Dinner,Sunny,1,52,9,3,23.5,69.4,29.31,1673.91,3.3,2
2025-02-08,Saturday,13,Lunch,Sunny,0,48,9,5,23.5,80.3,28.6,1492.0,2.5,1
2025-01-10,Friday,21,Dinner,Sunny,0,38,6,2,22.4,85.0,21.94,776.03,3.0,1
2025-06-17,Tuesday,19,Dinner,Sunny,0,24,4,2,19.4,78.7,21.69,867.3,3.7,0
2025-02-27,Thursday,18,Dinner,Cloudy,0,45,6,4,18.0,85.2,16.6,613.13,3.9,2
2025-03-05,Wednesday,19,Dinner,Rainy,0,33,6,2,19.9,80.1,27.85,796.33,2.9,1
2025-03-23,Sunday,17,Dinner,Sunny,1,27,3,2,24.9,84.7,16.41,622.35,2.9,1
2025-01-20,Monday,18,Dinner,Sunny,1,57,9,3,27.5,81.4,24.04,1192.83,2.7,2
2025-01-31,Friday,21,Dinner,Rainy,1,34,9,2,20.2,92.6,23.23,841.11,3.9,1
2025-06-22,Sunday,11,Lunch,Sunny,1,58,8,5,21.8,80.9,28.77,1444.65,3.6,1
2025-02-15,Saturday,14,Lunch,Sunny,0,50,8,3,18.2,90.2,21.19,1194.06,3.6,2
2025-05-13,Tuesday,11,Lunch,Cloudy,1,39,6,3,14.5,86.1,23.15,592.72,3.1,2
2025-04-13,Sunday,12,Lunch,Sunny,1,50,7,3,27.2,84.1,25.87,1291.57,3.4,0
2025-04-30,Wednesday,17,Dinner,Cloudy,0,42,9,4,27.5,87.3,20.86,906.14,4.0,1
2025-03-21,Friday,18,Dinner,Sunny,0,39,8,3,25.7,78.0,18.44,522.75,2.9,3
2025-01-23,Thursday,21,Dinner,Cloudy,0,38,6,2,28.7,100.9,26.34,976.49,3.0,1
2025-04-27,Sunday,11,Lunch,Sunny,0,32,5,2,20.6,67.1,24.16,624.59,3.6,0
2025-04-05,Saturday,14,Lunch,Cloudy,0,62,9,3,26.5,80.6,24.85,1644.27,3.4,1
2025-03-16,Sunday,17,Dinner,Sunny,1,48,6,4,20.4,70.7,14.83,719.18,3.9,2
2025-06-09,Monday,14,Lunch,Sunny,1,48,8,3,30.2,93.2,20.7,834.08,3.0,3
2025-04-29,Tuesday,18,Dinner,Sunny,1,43,6,2,23.3,87.0,26.09,1084.18,3.2,4
2025-06-01,Sunday,20,Dinner,Sunny,0,23,3,2,20.2,75.7,23.69,829.62,3.9,0
2025-02-20,Thursday,21,Dinner,Cloudy,1,30,5,3,30.1,80.5,13.52,364.21,3.1,1
2025-03-04,Tuesday,13,Lunch,Sunny,1,45,6,2,22.2,75.0,25.4,1376.06,3.0,2
2025-01-02,Thursday,19,Dinner,Cloudy,0,53,7,3,21.5,73.3,14.56,964.49,4.1,4
2025-01-07,Tuesday,14,Lunch,Cloudy,1,45,7,3,18.7,75.7,21.56,997.24,3.7,0
2025-05-19,Monday,18,Dinner,Rainy,1,37,6,3,20.5,71.7,20.04,737.75,3.9,3
2025-06-12,Thursday,11,Lunch,Sunny,0,34,6,3,11.0,77.5,16.87,699.58,4.5,1
2025-03-27,Thursday,11,Lunch,Cloudy,0,20,3,2,15.3,80.7,14.93,250.0,3.9,0
2025-06-18,Wednesday,19,Dinner,Sunny,0,47,8,2,15.8,70.1,25.5,1198.96,3.5,1
2025-03-20,Thursday,12,Lunch,Cloudy,0,19,3,2,23.3,74.9,21.9,349.02,3.3,1
2025-02-22,Saturday,21,Dinner,Rainy,0,34,5,2,21.7,78.1,23.52,484.6,3.8,2
2025-03-02,Sunday,19,Dinner,Sunny,1,37,4,2,26.2,76.8,19.79,980.46,3.5,0
2025-05-06,Tuesday,11,Lunch,Cloudy,1,52,9,6,22.9,66.6,22.77,1370.48,3.9,2
2025-02-06,Thursday,17,Dinner,Rainy,0,35,6,3,17.6,69.2,29.63,1050.12,4.7,1
2025-01-24,Friday,11,Lunch,Rainy,0,31,6,3,11.0,67.0,18.42,363.82,4.3,1
2025-03-01,Saturday,21,Dinner,Sunny,1,31,4,3,28.7,93.0,25.4,718.39,3.4,1
2025-04-16,Wednesday,18,Dinner,Cloudy,0,47,7,3,23.2,69.5,25.66,1223.5,3.4,0
2025-04-28,Monday,12,Lunch,Cloudy,0,39,6,4,15.5,60.4,24.54,1001.05,3.3,0
2025-05-29,Thursday,12,Lunch,Rainy,0,27,3,2,20.3,89.5,20.2,459.73,2.7,1
2025-05-10,Saturday,13,Lunch,Rainy,0,25,4,2,25.8,88.8,18.35,539.93,4.0,2
2025-06-13,Friday,19,Dinner,Cloudy,0,56,9,5,15.8,76.5,19.25,824.71,4.3,2
2025-01-20,Monday,11,Lunch,Sunny,0,42,6,2,20.7,66.7,24.98,1066.75,3.0,1
2025-04-22,Tuesday,13,Lunch,Sunny,0,38,6,3,15.5,72.1,27.3,936.62,3.6,0
2025-03-02,Sunday,17,Dinner,Sunny,1,56,11,6,15.8,65.0,24.35,1275.28,4.5,0
2025-03-08,Saturday,18,Dinner,Rainy,1,40,5,2,16.6,71.2,17.61,636.8,4.0,0
2025-04-11,Friday,18,Dinner,Sunny,0,60,8,4,32.4,80.4,18.64,1216.19,2.9,2
2025-03-23,Sunday,20,Dinner,Sunny,0,13,3,2,19.9,83.7,25.73,567.9,4.1,0
2025-03-11,Tuesday,14,Lunch,Rainy,0,48,7,3,24.3,78.9,28.37,1312.23,3.0,0
2025-01-20,Monday,14,Lunch,Cloudy,1,34,3,2,16.1,71.7,20.38,873.89,4.1,1
2025-02-04,Tuesday,12,Lunch,Cloudy,1,40,6,3,22.2,77.6,23.24,852.06,3.2,1
2025-02-09,Sunday,12,Lunch,Cloudy,0,37,4,2,24.6,76.1,27.0,960.84,2.8,2
2025-02-12,Wednesday,20,Dinner,Cloudy,1,57,11,4,24.4,67.2,23.75,1430.24,4.1,1
2025-04-30,Wednesday,18,Dinner,Sunny,0,31,5,3,17.0,72.8,28.91,787.97,3.9,1
2025-04-15,Tuesday,12,Lunch,Cloudy,0,8,3,2,16.4,71.8,26.81,250.0,4.1,3
2025-05-18,Sunday,18,Dinner,Sunny,1,36,5,3,24.4,71.7,20.66,737.78,3.1,3
2025-02-23,Sunday,20,Dinner,Sunny,1,35,4,3,29.0,80.7,27.03,1145.18,3.0,2
2025-03-20,Thursday,20,Dinner,Sunny,1,44,8,3,17.1,80.0,29.69,1287.56,4.3,2
2025-03-09,Sunday,12,Lunch,Cloudy,1,35,6,2,25.9,78.5,27.96,1050.68,3.1,2
2025-01-24,Friday,13,Lunch,Rainy,1,45,8,2,23.0,66.6,24.29,1176.66,3.4,3
2025-06-25,Wednesday,17,Dinner,Sunny,0,30,4,3,26.6,81.3,20.75,504.03,3.3,2
2025-06-28,Saturday,11,Lunch,Cloudy,0,40,7,2,21.0,80.6,25.77,917.82,3.4,4
2025-02-25,Tuesday,18,Dinner,Sunny,0,32,9,3,19.2,82.5,20.91,585.96,4.0,2
2025-02-07,Friday,12,Lunch,Sunny,1,43,7,4,26.1,78.6,20.77,1053.74,2.9,3
2025-03-05,Wednesday,18,Dinner,Sunny,0,9,3,2,13.8,83.6,23.59,250.0,4.4,1
2025-04-12,Saturday,21,Dinner,Rainy,0,27,5,2,19.2,77.2,22.66,513.91,3.5,1
2025-01-13,Monday,17,Dinner,Sunny,0,31,4,2,34.6,80.7,25.44,813.04,1.6,2
2025-03-08,Saturday,13,Lunch,Sunny,0,62,10,5,26.2,75.9,11.71,890.85,3.6,3
2025-01-08,Wednesday,19,Dinner,Rainy,0,45,7,3,15.8,86.2,27.28,1419.98,3.9,1
2025-04-26,Saturday,21,Dinner,Cloudy,0,41,6,2,14.4,78.2,26.07,896.29,4.6,2
2025-05-21,Wednesday,14,Lunch,Cloudy,0,21,3,2,20.4,68.7,30.7,763.03,4.1,2
2025-01-25,Saturday,20,Dinner,Cloudy,0,32,4,3,32.7,73.0,30.2,996.5,2.8,0
2025-01-27,Monday,13,Lunch,Sunny,1,37,5,2,30.1,93.7,22.48,765.34,2.4,1
2025-02-01,Saturday,11,Lunch,Rainy,0,45,7,3,23.5,78.4,17.81,825.47,3.2,1
2025-01-16,Thursday,14,Lunch,Cloudy,0,28,4,3,17.2,76.1,15.76,671.16,3.3,1
2025-02-03,Monday,14,Lunch,Sunny,0,42,7,2,21.0,74.1,22.17,647.19,3.5,1
2025-04-13,Sunday,18,Dinner,Sunny,0,41,8,4,14.3,77.6,28.74,1254.79,4.2,1
2025-06-25,Wednesday,12,Lunch,Cloudy,1,30,4,3,24.3,80.5,17.6,777.36,3.9,0
2025-05-30,Friday,17,Dinner,Sunny,0,59,8,5,27.5,100.4,21.96,1043.2,3.1,1
2025-01-20,Monday,11,Lunch,Sunny,0,43,6,4,26.5,74.3,20.91,797.21,2.5,1
2025-01-17,Friday,14,Lunch,Sunny,1,45,7,4,26.1,96.7,20.59,940.82,3.2,2
2025-06-15,Sunday,20,Dinner,Sunny,0,23,3,2,21.4,85.1,18.88,358.59,3.6,0
2025-02-02,Sunday,12,Lunch,Cloudy,1,41,8,3,22.3,73.8,20.05,925.19,3.7,0
2025-03-26,Wednesday,12,Lunch,Sunny,0,24,3,2,27.4,76.8,30.69,739.2,2.5,2
2025-01-11,Saturday,20,Dinner,Sunny,0,42,6,3,29.9,77.3,24.68,835.69,3.4,3
2025-01-13,Monday,13,Lunch,Rainy,0,43,7,3,19.0,78.7,24.67,1208.6,3.9,0
2025-05-27,Tuesday,19,Dinner,Rainy,1,46,6,2,36.8,83.7,20.21,1013.35,1.8,4
2025-04-12,Saturday,20,Dinner,Sunny,0,45,8,3,29.8,76.0,22.07,1153.05,2.6,1
2025-01-08,Wednesday,19,Dinner,Rainy,1,48,9,4,24.1,73.7,25.12,1122.2,3.1,2
2025-06-24,Tuesday,19,Dinner,Cloudy,1,33,6,3,20.7,73.9,21.83,635.07,3.7,1
2025-02-14,Friday,18,Dinner,Cloudy,0,41,5,2,21.9,92.6,21.76,1008.56,2.7,1
2025-02-24,Monday,13,Lunch,Cloudy,0,39,8,2,28.6,98.7,22.56,798.95,2.6,1
2025-03-12,Wednesday,17,Dinner,Sunny,0,35,4,2,28.1,86.0,25.36,947.21,3.4,0
2025-04-25,Friday,13,Lunch,Cloudy,0,53,8,3,23.8,72.0,19.98,1105.12,3.7,2
2025-01-09,Thursday,14,Lunch,Cloudy,0,33,6,2,20.8,86.7,20.13,645.08,3.0,3
2025-06-15,Sunday,17,Dinner,Cloudy,0,29,5,3,27.1,63.2,20.6,444.52,3.3,1
2025-05-08,Thursday,19,Dinner,Cloudy,0,36,6,3,27.0,76.1,23.75,889.11,2.8,2
2025-05-21,Wednesday,20,Dinner,Rainy,1,34,4,2,31.5,90.3,21.3,889.15,1.8,1
2025-01-16,Thursday,12,Lunch,Rainy,1,59,10,5,24.2,74.3,23.22,1417.3,3.3,2
2025-03-13,Thursday,19,Dinner,Rainy,0,38,4,4,21.6,80.7,30.13,1060.52,3.3,2
2025-02-05,Wednesday,19,Dinner,Cloudy,1,41,7,2,21.9,79.4,21.29,796.76,3.7,2
2025-02-21,Friday,21,Dinner,Cloudy,1,52,7,3,30.6,81.6,21.26,960.33,2.0,3
2025-03-05,Wednesday,21,Dinner,Sunny,1,45,6,5,20.3,76.4,22.13,1147.16,3.3,2
2025-01-05,Sunday,19,Dinner,Sunny,0,32,4,3,22.6,75.2,26.0,806.83,4.0,1
2025-04-02,Wednesday,20,Dinner,Rainy,0,25,5,2,21.4,71.4,19.18,624.37,4.0,2
2025-05-20,Tuesday,20,Dinner,Sunny,0,45,7,4,23.4,83.8,27.05,1119.98,3.0,2
2025-03-30,Sunday,21,Dinner,Sunny,0,34,5,3,26.9,81.7,24.77,736.81,3.2,2
2025-03-24,Monday,19,Dinner,Sunny,1,37,7,3,16.0,70.2,23.57,922.54,3.2,2
2025-03-11,Tuesday,13,Lunch,Cloudy,1,30,6,2,30.1,84.3,24.26,875.53,2.3,1
2025-01-07,Tuesday,18,Dinner,Sunny,0,37,7,2,27.8,78.4,23.52,1192.71,3.2,0
2025-06-02,Monday,14,Lunch,Cloudy,0,34,4,2,31.3,82.2,19.36,425.74,2.5,3
2025-01-08,Wednesday,17,Dinner,Sunny,1,26,3,2,24.7,78.6,18.73,563.45,4.3,1
2025-01-15,Wednesday,20,Dinner,Cloudy,0,38,6,3,16.4,77.3,15.03,441.74,4.0,2
2025-05-16,Friday,18,Dinner,Sunny,0,35,6,2,23.8,86.7,21.23,839.81,3.9,4
2025-05-30,Friday,14,Lunch,Cloudy,0,42,7,3,19.0,80.3,27.17,1212.09,3.5,1
2025-02-10,Monday,12,Lunch,Sunny,1,36,5,4,17.0,66.7,22.84,706.69,3.4,2
2025-03-05,Wednesday,14,Lunch,Cloudy,0,49,7,5,25.3,74.2,22.57,1118.68,3.3,3
2025-03-10,Monday,21,Dinner,Cloudy,0,32,5,5,18.4,79.7,20.6,602.04,3.6,0
2025-01-15,Wednesday,14,Lunch,Rainy,1,50,8,4,27.2,73.4,19.77,1011.84,2.6,2
2025-05-28,Wednesday,19,Dinner,Sunny,0,22,3,2,21.9,80.6,19.36,480.09,3.6,1
2025-04-01,Tuesday,13,Lunch,Sunny,0,40,7,3,26.2,78.2,18.09,494.84,4.0,2
2025-02-15,Saturday,14,Lunch,Sunny,0,41,7,2,32.2,88.2,19.19,903.82,2.6,3
2025-06-01,Sunday,18,Dinner,Sunny,0,38,7,3,14.4,68.1,32.34,1282.6,4.4,1
2025-06-28,Saturday,18,Dinner,Sunny,0,42,5,4,21.8,78.3,23.94,1052.44,4.0,5
2025-06-01,Sunday,11,Lunch,Sunny,0,24,4,3,20.1,80.9,26.12,473.06,4.4,0
2025-06-29,Sunday,18,Dinner,Cloudy,1,47,7,5,24.7,75.0,19.14,884.4,3.7,1
2025-05-26,Monday,13,Lunch,Sunny,0,21,3,2,19.0,72.9,25.01,250.0,4.0,1
2025-05-25,Sunday,14,Lunch,Sunny,1,37,5,2,21.9,66.7,21.53,811.29,4.2,0
2025-05-07,Wednesday,21,Dinner,Sunny,1,31,4,2,28.4,90.1,17.77,502.38,3.4,0
2025-03-21,Friday,13,Lunch,Sunny,0,32,5,2,26.2,87.3,25.67,856.48,2.5,1
2025-05-06,Tuesday,11,Lunch,Sunny,0,22,3,2,18.0,69.3,27.72,470.74,3.9,0
2025-01-24,Friday,11,Lunch,Sunny,0,57,9,5,24.4,79.2,21.3,1275.93,3.3,0
2025-03-01,Saturday,14,Lunch,Cloudy,0,63,10,5,17.6,78.5,27.07,1437.31,3.9,1
2025-01-06,Monday,21,Dinner,Sunny,1,32,5,2,17.8,71.4,24.7,860.0,3.6,1
2025-05-03,Saturday,11,Lunch,Cloudy,0,54,9,4,20.5,78.9,23.74,1138.08,3.7,0
2025-03-26,Wednesday,14,Lunch,Rainy,1,37,6,3,28.8,73.4,29.28,985.23,3.4,1
2025-02-03,Monday,18,Dinner,Sunny,0,45,7,6,26.9,79.2,13.32,611.65,3.4,1
2025-02-15,Saturday,18,Dinner,Cloudy,0,41,8,4,21.0,72.3,22.92,1185.61,3.9,0
2025-01-16,Thursday,11,Lunch,Sunny,1,45,7,4,27.5,85.1,18.63,737.49,3.4,1
2025-02-07,Friday,13,Lunch,Sunny,0,39,5,3,22.2,82.4,24.53,908.09,4.0,1
2025-01-29,Wednesday,21,Dinner,Sunny,1,54,9,3,30.8,91.5,22.68,1158.51,2.6,0
2025-04-04,Friday,12,Lunch,Sunny,0,53,8,4,26.4,74.6,24.54,1503.04,2.9,0
2025-04-06,Sunday,19,Dinner,Cloudy,0,39,5,4,29.7,99.0,21.95,884.72,3.1,2
2025-05-31,Saturday,12,Lunch,Sunny,1,57,10,4,25.3,65.9,24.14,1383.12,2.9,3
2025-03-28,Friday,17,Dinner,Rainy,0,42,5,4,17.4,67.9,18.8,763.32,3.7,0
2025-03-24,Monday,13,Lunch,Sunny,1,30,4,2,20.5,84.9,15.45,615.1,3.4,1
2025-02-10,Monday,19,Dinner,Sunny,0,39,7,2,28.9,67.2,27.54,1139.16,3.3,2
2025-06-13,Friday,20,Dinner,Sunny,1,69,11,6,15.5,72.9,23.77,1621.11,4.4,0
2025-06-16,Monday,18,Dinner,Rainy,1,38,6,3,18.9,72.0,26.56,939.97,3.7,2
2025-02-14,Friday,21,Dinner,Sunny,0,47,5,2,29.2,76.7,26.99,1027.61,3.3,1
2025-06-27,Friday,18,Dinner,Cloudy,0,31,5,2,31.1,86.9,23.55,951.2,3.0,2
2025-02-27,Thursday,13,Lunch,Rainy,1,22,3,2,25.4,90.3,19.85,354.68,4.2,3
2025-04-07,Monday,17,Dinner,Cloudy,0,50,9,3,25.5,75.8,24.21,1138.27,3.6,1
2025-06-26,Thursday,17,Dinner,Sunny,0,22,3,2,20.6,68.4,27.91,772.01,3.5,2
2025-02-02,Sunday,13,Lunch,Sunny,1,25,3,2,20.6,68.2,23.98,557.05,3.6,1
2025-01-01,Wednesday,19,Dinner,Cloudy,0,41,6,5,17.9,68.8,20.59,922.62,3.5,0
2025-05-26,Monday,11,Lunch,Sunny,0,51,9,5,12.9,64.8,27.74,1433.61,3.7,0
2025-02-16,Sunday,18,Dinner,Rainy,0,30,4,4,24.4,85.2,21.05,631.3,3.6,2
2025-06-06,Friday,14,Lunch,Sunny,0,31,6,2,24.7,77.4,23.89,669.38,3.4,0
2025-06-13,Friday,12,Lunch,Rainy,0,41,5,2,23.0,63.6,27.51,1144.43,3.0,2
2025-05-08,Thursday,13,Lunch,Cloudy,0,20,3,2,16.3,75.5,25.51,284.23,3.6,3
2025-03-26,Wednesday,12,Lunch,Rainy,1,45,5,3,26.0,78.6,23.94,1096.51,3.1,2
2025-03-02,Sunday,18,Dinner,Cloudy,0,13,3,2,12.1,69.9,21.34,325.08,4.3,0
2025-03-23,Sunday,13,Lunch,Rainy,0,37,4,2,26.9,95.3,19.32,833.17,3.2,1
2025-06-12,Thursday,12,Lunch,Sunny,1,31,5,2,22.2,74.9,24.26,650.65,3.3,0
2025-06-21,Saturday,18,Dinner,Sunny,1,48,6,4,40.7,92.5,21.72,760.73,2.1,4
2025-04-25,Friday,11,Lunch,Cloudy,0,38,7,2,26.5,80.6,22.93,647.64,3.3,1
2025-03-09,Sunday,14,Lunch,Sunny,0,33,4,2,21.8,89.8,29.95,831.4,3.7,0
2025-03-05,Wednesday,12,Lunch,Sunny,0,14,3,2,19.5,71.8,28.1,250.0,3.2,2
2025-03-31,Monday,17,Dinner,Cloudy,0,32,5,2,24.7,77.4,21.43,698.14,2.7,1
2025-01-28,Tuesday,11,Lunch,Sunny,0,41,6,3,12.6,80.7,18.65,692.25,4.5,0
2025-01-13,Monday,19,Dinner,Cloudy,0,27,4,2,35.1,88.6,19.76,314.5,2.5,2
2025-04-23,Wednesday,19,Dinner,Rainy,1,47,6,4,25.0,93.8,18.65,722.91,3.2,1
2025-02-12,Wednesday,19,Dinner,Rainy,0,36,5,2,29.4,95.3,29.8,1279.77,2.8,2
2025-05-07,Wednesday,19,Dinner,Sunny,0,28,4,2,21.8,67.1,23.02,680.17,3.1,2
2025-03-31,Monday,21,Dinner,Sunny,0,21,5,2,22.8,66.7,20.43,490.9,3.4,2
2025-04-07,Monday,12,Lunch,Rainy,0,22,3,3,27.3,55.0,27.63,596.81,2.9,1
2025-05-03,Saturday,14,Lunch,Sunny,0,31,4,2,25.2,84.6,22.73,508.63,3.5,1
2025-02-11,Tuesday,20,Dinner,Sunny,0,31,5,2,23.2,94.0,15.65,329.39,3.0,1
2025-01-19,Sunday,11,Lunch,Rainy,0,36,5,2,16.2,68.3,21.15,857.76,3.3,1
2025-03-17,Monday,11,Lunch,Sunny,0,47,8,4,13.1,85.0,19.91,859.35,3.8,0
2025-03-23,Sunday,17,Dinner,Rainy,0,8,3,2,18.0,79.5,26.72,283.94,3.9,1
2025-01-27,Monday,12,Lunch,Rainy,0,22,5,2,14.1,71.9,17.46,397.0,3.9,0
2025-03-29,Saturday,13,Lunch,Sunny,0,43,7,4,21.4,91.9,23.26,1155.38,3.9,1
2025-04-07,Monday,13,Lunch,Sunny,0,28,4,2,19.7,73.0,28.73,783.95,3.2,1
2025-01-20,Monday,21,Dinner,Rainy,0,22,3,3,17.9,79.4,17.38,685.79,3.9,0
2025-01-24,Friday,18,Dinner,Rainy,0,37,5,3,30.8,87.7,22.48,669.48,2.8,1
2025-06-02,Monday,20,Dinner,Sunny,0,55,9,5,26.6,78.7,22.12,1007.1,3.3,0
2025-01-08,Wednesday,19,Dinner,Cloudy,0,27,5,2,18.1,90.2,25.31,250.0,3.6,1
2025-06-17,Tuesday,13,Lunch,Rainy,0,32,6,3,23.8,80.9,28.15,853.36,3.3,1
2025-06-05,Thursday,19,Dinner,Cloudy,0,30,5,3,15.9,77.4,23.14,648.65,4.4,1
2025-02-10,Monday,11,Lunch,Sunny,1,40,9,3,17.8,82.1,20.29,1017.45,3.4,1
2025-01-26,Sunday,18,Dinner,Cloudy,0,59,10,5,26.7,77.0,17.76,1040.2,3.3,3
2025-02-22,Saturday,14,Lunch,Sunny,0,40,7,2,20.8,78.1,28.5,1168.92,3.8,0
2025-04-15,Tuesday,21,Dinner,Sunny,0,32,5,3,22.8,90.1,28.57,901.02,4.0,0
2025-05-19,Monday,17,Dinner,Cloudy,1,39,6,3,16.5,90.8,17.85,711.0,3.9,1
2025-06-19,Thursday,17,Dinner,Rainy,0,39,6,2,29.5,79.0,29.28,1158.6,3.5,1
2025-03-18,Tuesday,14,Lunch,Cloudy,0,50,9,4,19.1,78.8,19.35,1023.87,3.9,1
2025-01-25,Saturday,11,Lunch,Sunny,1,56,7,3,36.2,89.4,18.79,706.94,2.6,3
2025-04-11,Friday,21,Dinner,Sunny,1,40,6,2,21.2,75.3,18.06,733.58,3.7,0
2025-05-06,Tuesday,13,Lunch,Rainy,1,23,4,2,25.2,73.1,27.65,691.5,3.0,1
2025-01-14,Tuesday,18,Dinner,Sunny,0,17,3,2,27.4,96.0,22.48,250.0,2.7,2
2025-01-01,Wednesday,19,Dinner,Sunny,0,21,3,2,25.0,82.2,17.66,385.97,2.4,2
2025-01-23,Thursday,17,Dinner,Sunny,0,23,3,2,18.5,65.3,21.24,288.51,4.0,1
2025-06-19,Thursday,20,Dinner,Sunny,1,44,7,3,28.5,77.5,17.03,459.72,3.0,0
2025-02-21,Friday,12,Lunch,Sunny,1,47,6,4,30.7,88.4,22.8,1430.32,2.1,4
2025-01-07,Tuesday,14,Lunch,Cloudy,0,29,5,3,18.6,73.0,13.11,250.0,4.2,2
2025-02-13,Thursday,17,Dinner,Cloudy,1,36,5,3,25.7,85.8,25.82,853.03,2.5,2
2025-01-21,Tuesday,20,Dinner,Cloudy,0,42,8,4,17.1,66.7,21.32,1222.56,3.9,0
2025-01-30,Thursday,17,Dinner,Sunny,1,37,6,3,15.4,78.3,19.47,1020.63,3.9,0
2025-04-12,Saturday,20,Dinner,Cloudy,0,52,7,3,17.1,69.1,26.79,1590.51,3.0,0
2025-05-06,Tuesday,17,Dinner,Sunny,0,22,3,2,30.5,85.4,25.34,536.9,3.1,1
2025-01-24,Friday,21,Dinner,Cloudy,0,54,10,4,27.3,60.0,29.21,1468.46,3.1,1
2025-04-10,Thursday,13,Lunch,Sunny,1,47,6,5,34.2,92.4,15.06,560.23,2.4,1
2025-04-05,Saturday,19,Dinner,Cloudy,0,44,7,5,19.2,75.8,26.96,1126.13,3.4,0
2025-04-05,Saturday,13,Lunch,Sunny,0,22,3,3,26.1,98.4,25.56,676.66,3.3,2
2025-04-25,Friday,11,Lunch,Sunny,0,60,10,6,8.0,65.5,18.02,1091.97,4.3,1
2025-03-09,Sunday,20,Dinner,Sunny,0,28,3,2,34.1,92.0,29.43,790.22,2.5,2
2025-04-30,Wednesday,17,Dinner,Sunny,1,44,8,4,20.0,82.3,28.12,1335.08,4.2,1
2025-02-27,Thursday,17,Dinner,Sunny,0,51,10,4,25.6,78.0,22.78,1233.67,2.7,1
2025-05-25,Sunday,11,Lunch,Sunny,1,31,5,2,24.2,77.6,18.42,366.68,3.3,1
2025-02-08,Saturday,12,Lunch,Sunny,1,72,14,5,25.5,68.7,21.26,1445.68,2.8,2
2025-01-22,Wednesday,18,Dinner,Rainy,1,30,4,2,20.1,82.6,29.87,1237.48,4.0,1
2025-05-19,Monday,19,Dinner,Sunny,0,41,8,3,21.0,76.2,22.07,728.47,3.3,1
2025-05-31,Saturday,14,Lunch,Sunny,0,52,9,3,25.4,76.6,23.25,1355.26,3.1,1
2025-05-22,Thursday,11,Lunch,Sunny,0,32,3,3,24.4,89.1,23.86,873.86,3.8,1
2025-04-10,Thursday,21,Dinner,Cloudy,0,33,4,3,12.9,69.3,26.63,813.13,3.9,1
2025-04-18,Friday,21,Dinner,Sunny,0,52,8,4,21.5,78.0,25.61,1323.91,3.0,4
2025-06-25,Wednesday,20,Dinner,Cloudy,0,30,6,2,18.4,66.5,24.92,678.98,3.5,0
2025-05-27,Tuesday,14,Lunch,Cloudy,0,38,5,3,23.1,71.7,20.15,831.11,3.8,1
2025-05-02,Friday,17,Dinner,Sunny,0,48,8,3,29.1,100.1,24.37,1134.72,3.5,2
2025-01-21,Tuesday,19,Dinner,Sunny,0,41,6,3,26.3,68.0,25.61,939.98,3.2,2
2025-01-09,Thursday,21,Dinner,Sunny,0,48,8,3,16.3,64.9,24.66,1017.57,4.0,0
2025-05-27,Tuesday,21,Dinner,Sunny,0,46,9,4,15.9,67.5,13.53,533.56,4.4,0
2025-05-27,Tuesday,13,Lunch,Rainy,0,40,5,4,26.2,76.7,18.65,763.43,2.8,1
2025-01-31,Friday,20,Dinner,Sunny,0,50,8,3,22.8,87.3,18.23,849.68,3.2,0
2025-02-14,Friday,13,Lunch,Sunny,0,43,6,4,12.2,68.5,24.24,1357.1,3.6,2
2025-02-24,Monday,14,Lunch,Cloudy,0,20,3,2,22.0,82.8,29.01,349.0,3.9,0
2025-02-02,Sunday,11,Lunch,Cloudy,0,25,4,2,24.4,77.7,21.55,529.14,2.6,2
2025-04-19,Saturday,12,Lunch,Sunny,0,48,7,4,17.1,85.2,29.2,1264.64,3.5,1
2025-06-24,Tuesday,19,Dinner,Sunny,0,30,6,3,30.2,84.5,20.56,624.49,2.9,1
2025-02-21,Friday,13,Lunch,Cloudy,0,30,4,2,13.2,79.1,14.79,544.14,3.6,1
2025-06-02,Monday,17,Dinner,Cloudy,0,15,3,2,19.8,81.3,14.1,250.0,3.5,2
2025-03-23,Sunday,12,Lunch,Rainy,0,16,3,2,20.9,94.4,24.07,250.0,3.0,0
2025-01-23,Thursday,19,Dinner,Cloudy,0,30,3,2,30.3,88.5,21.91,695.48,2.7,4
2025-05-23,Friday,19,Dinner,Cloudy,0,46,7,2,29.7,77.5,23.43,945.74,3.0,2
2025-05-22,Thursday,18,Dinner,Cloudy,0,19,3,2,15.3,84.1,26.9,470.87,5.0,0
2025-03-12,Wednesday,21,Dinner,Cloudy,0,23,3,2,16.5,73.7,20.1,350.49,3.9,3
2025-04-28,Monday,11,Lunch,Cloudy,0,34,5,2,23.1,82.1,29.44,747.25,3.7,1
2025-06-29,Sunday,21,Dinner,Sunny,1,41,7,5,31.4,73.7,19.59,886.66,2.7,1
2025-04-18,Friday,12,Lunch,Sunny,0,35,6,3,24.5,77.9,22.83,758.75,2.7,1
2025-04-17,Thursday,13,Lunch,Cloudy,0,41,7,4,28.4,73.6,22.67,779.39,2.7,2
2025-02-07,Friday,12,Lunch,Sunny,1,48,9,3,31.0,90.2,17.96,758.57,3.4,0
2025-01-28,Tuesday,12,Lunch,Sunny,1,48,8,5,31.5,88.4,28.45,1274.41,1.9,2
2025-03-15,Saturday,21,Dinner,Rainy,0,33,7,2,9.9,69.0,27.77,903.52,5.0,0
2025-03-30,Sunday,19,Dinner,Sunny,1,47,9,5,30.8,76.6,23.35,1093.43,2.9,3
2025-03-09,Sunday,19,Dinner,Cloudy,0,35,6,3,27.4,73.1,14.85,510.32,3.5,1
2025-06-17,Tuesday,20,Dinner,Sunny,0,33,4,2,23.0,83.9,19.09,668.27,3.5,4
2025-05-27,Tuesday,20,Dinner,Cloudy,0,38,4,2,37.7,96.5,31.29,1133.49,2.5,0
2025-01-10,Friday,13,Lunch,Sunny,1,58,11,3,26.9,74.0,15.33,1045.73,2.9,0
2025-03-12,Wednesday,19,Dinner,Cloudy,0,31,4,2,21.8,76.4,30.09,726.27,4.1,1
2025-02-06,Thursday,19,Dinner,Cloudy,1,50,7,2,29.3,87.5,11.31,517.24,3.1,2
2025-01-10,Friday,19,Dinner,Rainy,0,32,6,3,23.5,98.0,21.09,558.18,3.0,3
2025-03-26,Wednesday,14,Lunch,Sunny,0,39,6,2,23.5,83.6,19.05,1029.47,3.4,0
2025-01-13,Monday,20,Dinner,Rainy,1,31,6,2,23.4,73.9,22.29,542.95,3.1,3
2025-03-10,Monday,18,Dinner,Cloudy,1,50,7,3,23.3,67.6,20.18,955.98,3.2,2
2025-01-06,Monday,18,Dinner,Sunny,1,43,8,4,22.2,89.4,26.48,1271.75,4.0,1
2025-03-19,Wednesday,17,Dinner,Cloudy,0,37,4,4,23.2,88.9,23.09,994.94,3.6,0
2025-03-13,Thursday,20,Dinner,Rainy,0,23,4,4,18.6,75.4,20.58,486.19,3.9,1
2025-06-28,Saturday,12,Lunch,Sunny,0,47,6,3,30.8,94.3,22.69,925.19,2.9,5
2025-02-28,Friday,13,Lunch,Sunny,0,65,10,6,23.0,84.9,20.97,1568.84,3.4,3
2025-03-18,Tuesday,20,Dinner,Cloudy,1,49,7,4,23.3,82.7,20.31,882.68,2.8,2
2025-03-24,Monday,17,Dinner,Cloudy,0,36,7,2,24.5,85.6,26.53,943.07,3.8,4
2025-04-17,Thursday,12,Lunch,Cloudy,1,34,5,4,25.8,77.0,15.89,602.26,3.5,2
2025-02-18,Tuesday,20,Dinner,Sunny,0,39,6,2,28.9,85.3,14.49,709.02,2.6,1
2025-02-24,Monday,19,Dinner,Rainy,0,13,3,2,15.0,80.1,21.35,388.94,4.4,1
2025-05-05,Monday,21,Dinner,Sunny,0,34,3,2,22.2,70.9,21.97,635.75,3.2,0
2025-04-06,Sunday,11,Lunch,Sunny,0,26,5,2,19.4,70.8,20.04,524.74,3.7,0
2025-05-12,Monday,13,Lunch,Sunny,1,41,5,4,33.7,80.1,26.76,1017.37,3.0,3
2025-01-17,Friday,17,Dinner,Cloudy,0,43,6,4,26.3,68.3,23.68,1149.81,3.7,1
2025-05-10,Saturday,19,Dinner,Sunny,0,51,7,3,21.0,70.1,25.13,1129.72,4.3,1
2025-02-04,Tuesday,21,Dinner,Sunny,0,44,7,2,29.5,77.5,24.21,1138.51,2.8,3
2025-05-26,Monday,11,Lunch,Rainy,1,30,5,2,22.2,79.4,25.91,947.96,3.6,2
2025-02-14,Friday,14,Lunch,Sunny,0,44,8,3,19.7,85.7,20.88,1052.14,4.1,0
2025-02-21,Friday,11,Lunch,Rainy,0,34,5,4,26.5,80.3,22.35,703.44,2.7,1
2025-03-05,Wednesday,11,Lunch,Rainy,0,20,3,2,25.9,70.4,25.37,661.7,3.1,1
2025-04-27,Sunday,11,Lunch,Cloudy,0,34,4,2,17.7,71.2,24.8,788.04,3.6,2
2025-04-03,Thursday,14,Lunch,Sunny,0,28,6,3,23.4,76.3,27.8,608.38,3.9,3
2025-03-12,Wednesday,18,Dinner,Sunny,1,30,5,2,25.7,95.0,18.25,782.95,3.6,1
2025-04-29,Tuesday,21,Dinner,Cloudy,0,28,4,2,19.5,76.1,14.78,435.59,4.2,0
2025-04-12,Saturday,12,Lunch,Cloudy,0,30,4,3,22.9,81.1,26.23,874.21,3.5,2
2025-06-24,Tuesday,11,Lunch,Cloudy,0,28,4,2,24.7,80.3,27.26,701.04,2.6,1
2025-03-03,Monday,18,Dinner,Sunny,0,31,4,4,16.3,74.9,25.32,1007.53,4.2,0
2025-05-06,Tuesday,20,Dinner,Cloudy,1,53,9,4,22.9,77.5,20.92,738.33,3.7,0
2025-02-15,Saturday,20,Dinner,Cloudy,0,35,5,2,17.9,66.3,22.17,794.1,3.9,1
2025-05-31,Saturday,21,Dinner,Rainy,0,43,7,3,21.7,81.2,22.97,1109.79,3.2,1
2025-03-31,Monday,18,Dinner,Cloudy,0,17,3,2,15.4,67.2,21.39,430.39,4.2,1
2025-02-11,Tuesday,17,Dinner,Sunny,0,40,6,3,25.7,81.1,20.8,970.86,2.4,1
2025-06-26,Thursday,12,Lunch,Sunny,0,34,4,5,14.6,87.0,22.31,679.82,4.3,0
2025-03-14,Friday,11,Lunch,Sunny,0,58,9,5,22.8,89.6,25.22,1508.58,3.6,2
2025-04-09,Wednesday,11,Lunch,Rainy,0,31,6,3,23.1,70.8,20.8,771.31,4.0,1
2025-02-11,Tuesday,14,Lunch,Sunny,0,15,3,2,21.9,90.8,14.87,250.0,3.7,1
2025-02-26,Wednesday,14,Lunch,Cloudy,0,42,7,4,18.3,76.4,18.15,897.43,3.7,5
2025-06-23,Monday,14,Lunch,Sunny,0,38,5,3,27.2,96.2,24.21,1071.11,2.5,2
2025-03-10,Monday,19,Dinner,Sunny,1,63,8,4,23.7,86.1,21.18,1339.22,3.1,3
2025-05-12,Monday,11,Lunch,Rainy,0,27,3,3,29.7,81.0,19.73,371.07,3.0,2
2025-06-24,Tuesday,11,Lunch,Sunny,1,55,10,4,16.2,71.6,23.32,1124.61,3.7,0
2025-05-02,Friday,13,Lunch,Rainy,0,52,9,2,21.8,78.9,16.27,873.38,3.4,4
2025-06-15,Sunday,13,Lunch,Sunny,1,23,3,2,16.4,65.9,21.14,278.88,4.3,0
2025-06-03,Tuesday,11,Lunch,Cloudy,0,17,5,2,22.9,78.9,26.26,304.77,2.9,1
2025-02-27,Thursday,17,Dinner,Cloudy,0,46,8,3,32.6,90.1,19.29,829.31,2.4,0
2025-06-05,Thursday,17,Dinner,Sunny,1,49,8,3,34.1,94.3,28.42,1489.32,2.2,1
2025-06-14,Saturday,17,Dinner,Sunny,0,31,4,3,20.5,83.0,24.2,1027.87,3.8,3
2025-04-19,Saturday,19,Dinner,Cloudy,1,55,9,3,27.7,96.5,17.95,1158.63,3.4,3
2025-03-31,Monday,20,Dinner,Sunny,0,38,7,2,23.3,80.6,21.86,932.22,3.2,0
2025-03-06,Thursday,14,Lunch,Sunny,0,24,3,2,23.2,92.5,27.71,577.95,3.8,2
2025-04-30,Wednesday,17,Dinner,Sunny,0,35,5,2,25.9,80.6,18.23,775.98,3.6,0
2025-06-23,Monday,21,Dinner,Sunny,0,35,6,2,17.0,74.6,18.6,459.59,3.9,2
2025-06-09,Monday,19,Dinner,Rainy,1,63,9,6,34.4,80.4,29.85,1778.06,2.9,2
2025-05-30,Friday,12,Lunch,Sunny,1,62,8,3,32.0,82.0,21.75,1435.18,1.7,1
2025-01-02,Thursday,21,Dinner,Sunny,0,53,8,4,36.5,76.0,18.82,1208.13,1.9,1
2025-06-19,Thursday,18,Dinner,Cloudy,0,40,6,5,17.2,82.3,24.31,1118.13,3.7,0
2025-05-24,Saturday,17,Dinner,Sunny,1,55,9,6,27.4,79.5,23.66,1260.22,2.7,1
2025-03-18,Tuesday,12,Lunch,Sunny,1,37,4,4,26.4,87.2,25.01,938.06,3.8,0
2025-05-04,Sunday,12,Lunch,Sunny,1,44,6,5,30.2,82.2,24.56,1006.15,2.9,1
2025-03-28,Friday,17,Dinner,Rainy,1,74,12,5,32.4,79.3,18.84,1552.33,2.7,2
2025-06-13,Friday,18,Dinner,Rainy,0,46,7,2,29.9,74.0,24.08,1087.88,3.1,2
2025-03-12,Wednesday,17,Dinner,Sunny,1,61,9,4,32.0,101.2,26.26,1499.08,2.3,1
2025-06-17,Tuesday,17,Dinner,Sunny,0,15,3,2,13.8,70.0,17.63,361.09,3.7,0
2025-02-18,Tuesday,13,Lunch,Rainy,0,35,6,2,21.6,71.3,19.75,796.79,2.9,0
2025-05-13,Tuesday,14,Lunch,Sunny,0,36,6,2,26.4,90.7,20.71,485.32,2.9,3
2025-01-15,Wednesday,19,Dinner,Cloudy,0,24,3,3,22.8,80.2,22.6,689.05,3.6,2
2025-06-19,Thursday,18,Dinner,Rainy,1,40,5,2,35.7,76.6,21.6,886.14,2.1,3
2025-06-24,Tuesday,13,Lunch,Sunny,1,28,4,3,18.6,78.4,21.58,601.91,4.5,3
2025-01-07,Tuesday,20,Dinner,Sunny,0,40,6,2,25.1,84.4,23.61,928.03,3.2,2
2025-03-17,Monday,17,Dinner,Rainy,1,37,6,2,26.7,74.8,19.37,711.81,2.8,1
2025-04-18,Friday,19,Dinner,Cloudy,0,59,10,5,17.7,71.1,20.25,1279.75,3.9,0
2025-04-10,Thursday,11,Lunch,Sunny,1,38,6,2,26.1,77.1,17.69,750.07,3.4,0
2025-05-30,Friday,14,Lunch,Cloudy,0,53,9,5,21.2,87.3,17.13,1140.53,3.9,1
2025-03-29,Saturday,14,Lunch,Sunny,1,57,8,5,32.3,79.0,16.32,915.52,3.4,1
2025-06-25,Wednesday,21,Dinner,Rainy,0,36,6,3,22.6,87.0,20.77,681.27,3.8,2
2025-06-13,Friday,20,Dinner,Cloudy,0,42,7,2,24.6,74.6,16.85,682.93,4.0,1
2025-06-21,Saturday,18,Dinner,Cloudy,0,40,6,2,30.2,76.2,21.52,583.46,3.3,3
2025-05-10,Saturday,17,Dinner,Cloudy,0,47,8,4,21.8,62.4,25.14,1196.22,3.2,3
2025-02-13,Thursday,21,Dinner,Cloudy,1,36,3,3,28.8,79.3,24.65,913.81,3.1,1
2025-02-16,Sunday,17,Dinner,Sunny,1,43,7,2,30.6,87.6,18.17,653.24,3.3,3
2025-01-25,Saturday,20,Dinner,Cloudy,1,60,11,4,29.2,87.7,20.16,1183.27,2.2,0
2025-02-02,Sunday,17,Dinner,Rainy,0,37,5,3,17.2,79.4,25.22,920.58,3.9,0
2025-05-24,Saturday,13,Lunch,Sunny,0,20,3,2,24.5,63.0,22.28,527.77,2.9,4
2025-06-24,Tuesday,18,Dinner,Sunny,0,29,5,2,20.4,82.0,20.37,537.48,3.0,0
2025-06-17,Tuesday,12,Lunch,Cloudy,1,55,8,5,21.7,76.6,19.06,974.29,3.2,2
2025-02-26,Wednesday,18,Dinner,Rainy,1,45,8,4,7.2,67.9,22.23,1045.19,4.6,0
2025-02-27,Thursday,17,Dinner,Rainy,0,23,4,2,20.7,68.9,24.72,514.81,3.6,4
2025-04-18,Friday,18,Dinner,Rainy,1,43,6,4,21.8,84.4,14.84,853.71,2.7,1
2025-04-06,Sunday,17,Dinner,Cloudy,1,32,5,2,26.1,81.0,19.42,655.95,3.4,1
2025-05-30,Friday,17,Dinner,Rainy,0,38,5,3,13.1,80.5,22.7,940.85,4.4,1
2025-04-29,Tuesday,12,Lunch,Rainy,0,31,3,3,19.3,74.0,28.73,1225.05,3.8,2
2025-05-01,Thursday,11,Lunch,Rainy,0,16,3,2,22.7,73.4,22.64,408.05,2.7,1
2025-06-12,Thursday,12,Lunch,Cloudy,0,18,3,2,20.7,79.0,20.19,392.46,4.1,2
2025-05-01,Thursday,14,Lunch,Rainy,1,32,7,2,18.5,80.7,21.02,615.07,3.8,1
2025-05-09,Friday,12,Lunch,Rainy,0,54,7,6,27.0,79.9,26.36,1347.26,3.7,3
2025-06-24,Tuesday,19,Dinner,Cloudy,1,48,7,4,24.1,75.5,21.93,1056.61,3.4,1
2025-05-16,Friday,17,Dinner,Cloudy,1,60,9,4,29.2,63.7,16.31,861.25,3.0,0
2025-04-16,Wednesday,11,Lunch,Sunny,0,42,7,3,16.0,74.1,21.89,838.79,4.5,3
2025-02-08,Saturday,13,Lunch,Sunny,0,56,9,5,24.8,83.3,24.47,1462.34,3.2,1
2025-02-21,Friday,18,Dinner,Rainy,1,59,10,4,19.9,66.1,15.06,773.97,3.8,0
2025-04-15,Tuesday,20,Dinner,Sunny,0,23,3,2,21.2,84.4,22.2,617.54,3.2,0
2025-02-06,Thursday,18,Dinner,Sunny,0,33,6,3,29.2,79.5,22.49,587.27,2.6,0
2025-02-16,Sunday,12,Lunch,Cloudy,0,47,8,3,19.5,80.7,19.19,1072.43,2.7,0
2025-05-05,Monday,18,Dinner,Rainy,0,23,3,2,19.2,85.2,27.74,728.99,3.7,1
2025-06-11,Wednesday,13,Lunch,Sunny,0,16,3,2,20.6,84.6,21.12,520.33,3.3,0
2025-03-22,Saturday,11,Lunch,Cloudy,1,44,8,3,27.6,83.3,15.34,551.17,2.8,3
2025-01-02,Thursday,20,Dinner,Sunny,0,31,7,2,26.9,80.9,22.72,844.61,3.5,1
2025-03-12,Wednesday,14,Lunch,Sunny,0,48,7,2,26.2,79.4,15.51,910.89,3.3,0
2025-02-13,Thursday,13,Lunch,Cloudy,1,35,4,3,21.1,85.7,21.87,732.48,3.8,1
2025-05-06,Tuesday,12,Lunch,Sunny,1,37,5,2,20.9,85.3,17.27,647.14,4.0,2
2025-02-03,Monday,19,Dinner,Sunny,1,53,9,4,18.5,70.4,25.97,1425.78,3.8,1
2025-06-12,Thursday,19,Dinner,Sunny,0,17,3,2,25.0,84.3,25.28,522.09,3.2,5
2025-04-14,Monday,19,Dinner,Sunny,1,33,5,4,21.1,80.7,26.05,719.95,3.6,2
2025-05-03,Saturday,19,Dinner,Rainy,0,23,3,2,28.3,92.4,22.13,668.11,3.1,1
2025-01-02,Thursday,11,Lunch,Rainy,0,29,3,2,26.4,61.5,20.93,641.62,2.8,2
2025-05-17,Saturday,14,Lunch,Sunny,0,44,8,2,17.8,90.1,24.19,993.61,3.8,0
2025-04-06,Sunday,11,Lunch,Rainy,0,32,6,2,21.1,90.8,26.82,1057.05,3.6,0
2025-03-24,Monday,21,Dinner,Sunny,1,39,4,3,27.9,86.9,27.23,889.08,2.8,2
2025-02-18,Tuesday,11,Lunch,Sunny,1,35,4,2,18.3,74.1,19.37,594.05,3.2,1
2025-06-23,Monday,11,Lunch,Cloudy,0,51,7,3,24.6,79.1,23.28,1548.42,2.9,2
2025-06-10,Tuesday,14,Lunch,Sunny,1,25,4,2,17.4,64.3,21.67,469.23,3.6,1
2025-02-27,Thursday,18,Dinner,Sunny,0,42,5,4,17.8,88.3,31.47,1385.75,3.8,1
2025-03-21,Friday,13,Lunch,Sunny,0,42,6,2,27.1,82.3,26.14,1031.35,3.4,0
2025-01-27,Monday,19,Dinner,Rainy,0,30,4,3,29.7,83.9,26.13,1002.2,3.6,1
2025-05-09,Friday,17,Dinner,Cloudy,1,49,9,4,28.7,84.3,22.34,1056.9,3.8,1
2025-02-12,Wednesday,12,Lunch,Sunny,1,47,6,2,20.4,67.8,26.59,1195.24,3.1,1
2025-01-12,Sunday,17,Dinner,Cloudy,1,41,8,4,19.5,82.3,19.71,1063.73,3.2,0
2025-03-16,Sunday,20,Dinner,Rainy,0,34,4,2,25.6,71.3,18.19,568.2,2.8,4
2025-05-14,Wednesday,21,Dinner,Cloudy,1,35,7,2,17.7,74.1,16.55,488.4,3.7,2
2025-03-28,Friday,19,Dinner,Rainy,0,49,8,5,20.9,80.7,18.99,1018.44,3.9,1
2025-06-25,Wednesday,13,Lunch,Sunny,0,27,3,2,23.1,84.6,16.74,327.74,3.2,1
2025-03-29,Saturday,20,Dinner,Rainy,0,42,6,3,23.9,71.7,13.97,471.14,2.9,1
2025-04-02,Wednesday,14,Lunch,Cloudy,0,22,3,2,20.1,74.8,21.62,376.7,3.6,1
2025-02-12,Wednesday,19,Dinner,Rainy,0,32,5,2,13.7,81.7,19.35,604.63,3.8,0
2025-01-05,Sunday,14,Lunch,Sunny,1,56,9,4,22.0,70.0,15.45,802.19,3.2,1
2025-02-27,Thursday,13,Lunch,Rainy,1,54,9,4,24.9,77.3,20.28,1231.8,3.1,1
2025-02-24,Monday,11,Lunch,Rainy,1,42,6,5,17.0,83.0,16.37,773.91,3.9,1
2025-05-31,Saturday,21,Dinner,Rainy,0,42,8,2,19.7,79.1,21.98,908.15,4.1,0
2025-02-13,Thursday,12,Lunch,Rainy,0,9,3,2,5.3,62.2,32.38,250.0,4.9,0
2025-04-04,Friday,11,Lunch,Sunny,1,47,8,4,24.5,80.5,25.37,1389.63,3.0,3
2025-04-07,Monday,17,Dinner,Cloudy,1,37,5,4,28.7,93.8,19.83,726.38,2.7,3
2025-05-17,Saturday,11,Lunch,Cloudy,0,56,10,3,23.9,74.6,25.8,1325.12,3.7,0
2025-06-02,Monday,11,Lunch,Rainy,0,28,4,2,17.7,68.0,18.43,949.72,3.5,2
2025-06-19,Thursday,12,Lunch,Rainy,0,29,4,2,24.2,75.8,24.18,817.21,3.3,1
2025-06-17,Tuesday,11,Lunch,Sunny,0,30,5,2,23.2,84.5,19.29,634.09,3.6,1
2025-01-13,Monday,12,Lunch,Cloudy,1,41,5,2,26.3,86.3,15.23,564.03,3.2,1
2025-04-17,Thursday,20,Dinner,Sunny,0,33,4,3,19.4,77.4,19.77,562.45,3.8,0
2025-04-08,Tuesday,12,Lunch,Cloudy,0,39,6,3,24.5,82.3,26.98,938.5,3.9,2
2025-05-21,Wednesday,17,Dinner,Sunny,0,15,3,2,29.8,74.5,23.47,550.47,2.9,1
2025-05-02,Friday,13,Lunch,Sunny,1,45,7,3,24.1,77.7,27.62,1485.8,3.6,3
2025-02-22,Saturday,11,Lunch,Sunny,0,48,7,4,18.4,75.5,27.23,1352.64,3.5,3
2025-03-19,Wednesday,19,Dinner,Rainy,1,52,6,4,37.6,75.8,24.18,954.77,2.4,0
2025-06-19,Thursday,12,Lunch,Sunny,0,41,8,2,22.9,79.2,28.99,1312.87,3.8,2
2025-06-19,Thursday,21,Dinner,Sunny,0,30,5,2,16.7,89.6,20.49,753.84,4.2,0
2025-03-11,Tuesday,13,Lunch,Sunny,0,22,4,2,25.6,78.8,29.52,545.8,4.1,2
2025-04-18,Friday,12,Lunch,Sunny,0,46,7,3,22.6,67.5,19.05,951.04,3.5,1
2025-05-11,Sunday,12,Lunch,Sunny,1,36,5,2,27.9,82.1,22.41,936.52,3.1,0
2025-03-14,Friday,12,Lunch,Cloudy,1,39,4,4,15.9,80.6,21.64,749.59,4.3,1
2025-01-28,Tuesday,20,Dinner,Sunny,0,48,8,2,25.9,97.9,22.18,1050.41,3.8,0
2025-02-20,Thursday,14,Lunch,Rainy,1,50,8,2,18.0,63.1,12.4,605.34,3.7,1
2025-03-09,Sunday,21,Dinner,Sunny,0,33,4,2,23.7,77.3,21.27,710.18,3.4,2
2025-02-21,Friday,18,Dinner,Cloudy,1,55,8,5,32.4,84.2,23.38,1346.49,2.6,3
2025-04-15,Tuesday,17,Dinner,Cloudy,1,27,3,2,21.8,87.6,18.61,539.4,3.3,2
2025-02-11,Tuesday,11,Lunch,Sunny,1,55,9,3,28.7,95.1,24.33,1527.87,2.5,1
2025-05-21,Wednesday,20,Dinner,Sunny,0,17,3,2,17.5,74.2,26.05,419.14,3.9,0
2025-02-23,Sunday,20,Dinner,Rainy,1,35,5,2,32.5,102.7,15.73,581.99,2.7,1
2025-03-26,Wednesday,14,Lunch,Sunny,0,30,8,2,23.2,70.0,20.22,386.31,4.0,0
2025-01-01,Wednesday,11,Lunch,Sunny,0,23,3,2,30.9,89.0,21.7,813.65,3.1,2
2025-06-21,Saturday,12,Lunch,Sunny,0,35,7,4,22.8,84.8,21.44,612.81,3.5,0
2025-01-29,Wednesday,20,Dinner,Sunny,1,65,10,5,32.0,80.4,28.79,2070.74,2.8,0
2025-02-08,Saturday,12,Lunch,Sunny,0,65,11,5,20.9,92.0,28.61,1872.02,3.2,1
2025-05-11,Sunday,12,Lunch,Sunny,0,43,6,2,31.1,92.6,30.1,1396.05,2.9,4
2025-01-26,Sunday,17,Dinner,Sunny,0,36,5,2,16.4,74.6,19.18,829.65,3.8,0
2025-06-14,Saturday,14,Lunch,Cloudy,0,48,8,4,22.7,87.3,22.5,1277.65,3.1,1
2025-04-27,Sunday,17,Dinner,Sunny,0,44,7,3,23.5,62.6,26.06,1268.45,4.0,0
2025-03-09,Sunday,20,Dinner,Sunny,1,48,7,4,26.4,74.8,15.24,702.09,3.8,3
2025-01-13,Monday,12,Lunch,Sunny,0,51,6,4,22.6,93.7,22.05,1417.19,3.3,3
2025-02-14,Friday,11,Lunch,Rainy,0,59,11,4,20.1,75.1,29.48,1867.62,4.2,2
2025-03-16,Sunday,18,Dinner,Rainy,1,41,7,2,24.2,91.1,29.0,1061.71,2.9,5
2025-06-23,Monday,18,Dinner,Sunny,0,52,9,3,18.9,82.3,16.75,760.72,3.3,0
2025-04-20,Sunday,12,Lunch,Sunny,1,41,7,2,19.8,85.8,17.62,813.52,3.1,0
2025-01-25,Saturday,11,Lunch,Sunny,1,58,10,5,26.7,72.5,10.0,727.27,3.0,1
2025-01-03,Friday,13,Lunch,Sunny,1,47,8,3,17.0,88.3,18.5,870.71,3.9,1
2025-06-19,Thursday,13,Lunch,Sunny,1,58,9,5,24.4,70.4,24.63,1364.73,3.3,0
2025-03-26,Wednesday,18,Dinner,Cloudy,0,34,5,3,23.5,76.9,15.3,556.7,3.3,1
2025-04-23,Wednesday,17,Dinner,Cloudy,0,34,6,3,15.7,89.2,19.29,615.6,4.2,0
2025-01-24,Friday,18,Dinner,Rainy,0,47,7,3,31.4,73.6,22.66,933.86,3.6,0
2025-03-29,Saturday,13,Lunch,Rainy,1,72,11,6,23.7,67.5,20.96,1788.19,3.6,1
2025-01-30,Thursday,19,Dinner,Sunny,1,38,5,5,22.9,74.1,18.02,593.37,4.0,0
2025-04-13,Sunday,20,Dinner,Sunny,0,8,3,2,18.2,67.3,21.45,250.0,4.2,0
2025-03-11,Tuesday,19,Dinner,Cloudy,1,33,5,2,23.0,78.5,16.5,736.58,3.4,3
2025-06-26,Thursday,20,Dinner,Cloudy,1,41,8,2,24.9,83.4,16.8,731.3,3.3,1
2025-04-18,Friday,13,Lunch,Sunny,1,46,8,3,16.5,81.2,15.84,736.88,3.8,1
2025-01-29,Wednesday,13,Lunch,Cloudy,1,40,6,4,27.4,97.1,22.76,844.32,2.7,2
2025-06-28,Saturday,11,Lunch,Cloudy,0,52,7,4,25.0,75.4,18.68,861.66,3.9,3
2025-02-10,Monday,12,Lunch,Cloudy,0,17,5,2,15.6,63.8,21.83,412.1,4.2,1
2025-04-17,Thursday,20,Dinner,Rainy,0,28,5,2,17.3,62.2,21.84,794.03,4.1,1
2025-05-26,Monday,20,Dinner,Cloudy,0,46,9,2,30.6,81.5,18.67,811.43,3.2,1
2025-02-16,Sunday,19,Dinner,Sunny,1,42,6,2,27.5,68.7,18.11,642.39,3.3,2
2025-04-02,Wednesday,11,Lunch,Sunny,0,15,3,2,27.0,87.2,18.54,504.6,3.4,3
2025-06-25,Wednesday,13,Lunch,Rainy,0,16,3,2,24.0,84.8,18.96,520.36,2.9,2
2025-05-04,Sunday,20,Dinner,Cloudy,1,52,8,3,30.4,84.9,16.25,945.45,3.1,1
2025-01-29,Wednesday,19,Dinner,Rainy,1,39,6,2,34.0,85.1,24.32,1168.04,3.0,2
2025-04-23,Wednesday,11,Lunch,Cloudy,1,51,8,4,26.9,77.1,23.38,851.0,2.8,0
2025-01-17,Friday,17,Dinner,Sunny,0,30,4,3,20.0,75.5,31.38,1102.68,3.8,0
2025-06-17,Tuesday,18,Dinner,Sunny,0,37,6,3,15.0,73.4,24.29,1098.77,3.7,0
2025-01-04,Saturday,21,Dinner,Cloudy,1,75,12,3,28.8,65.8,24.16,1857.19,3.1,3
2025-05-28,Wednesday,14,Lunch,Cloudy,0,32,4,2,18.0,72.9,27.02,888.39,4.0,0
2025-06-21,Saturday,18,Dinner,Sunny,0,12,3,2,27.1,84.7,25.12,250.0,3.0,0
2025-05-13,Tuesday,21,Dinner,Sunny,1,35,6,2,24.8,87.1,22.76,552.03,2.9,2
2025-06-26,Thursday,12,Lunch,Sunny,0,46,5,2,27.9,71.6,27.89,1106.21,3.8,3
2025-04-21,Monday,14,Lunch,Sunny,0,29,4,2,22.5,72.5,22.02,720.93,3.9,1
2025-05-04,Sunday,18,Dinner,Sunny,0,33,5,3,22.7,71.6,31.05,1149.02,3.7,2
2025-06-19,Thursday,19,Dinner,Rainy,1,62,10,6,31.0,89.2,24.27,1494.2,2.4,2
2025-02-08,Saturday,21,Dinner,Cloudy,1,59,11,5,30.0,95.0,23.66,1561.1,4.0,1
2025-06-06,Friday,11,Lunch,Cloudy,0,46,7,5,34.6,80.4,22.61,987.45,3.0,3
2025-01-03,Friday,13,Lunch,Sunny,0,59,9,3,22.7,80.7,20.42,1052.58,3.4,1
2025-05-10,Saturday,20,Dinner,Cloudy,0,50,8,5,14.8,68.3,21.68,1190.91,4.1,1
2025-05-07,Wednesday,13,Lunch,Cloudy,0,20,4,2,10.0,68.0,26.6,348.73,4.6,0
2025-01-20,Monday,20,Dinner,Cloudy,1,22,3,2,28.6,85.5,22.65,658.83,2.6,0
2025-03-24,Monday,14,Lunch,Rainy,0,13,3,2,19.4,86.2,19.23,411.59,3.4,1
2025-03-26,Wednesday,17,Dinner,Sunny,0,47,8,4,19.5,73.7,22.36,762.15,2.8,1
2025-01-13,Monday,21,Dinner,Rainy,0,43,8,5,17.0,62.3,18.65,734.98,2.9,0
2025-02-27,Thursday,21,Dinner,Sunny,0,30,6,3,31.7,88.8,28.21,783.07,2.8,2
2025-06-14,Saturday,19,Dinner,Sunny,0,49,8,4,29.2,102.3,17.95,901.65,3.1,1
2025-04-14,Monday,14,Lunch,Sunny,0,34,5,2,24.9,72.3,23.63,671.28,3.4,2
2025-01-21,Tuesday,20,Dinner,Cloudy,0,48,6,3,24.6,85.0,28.1,1475.77,3.7,1
2025-04-24,Thursday,20,Dinner,Cloudy,0,43,6,3,17.4,73.4,21.63,866.43,4.2,0
2025-01-23,Thursday,20,Dinner,Sunny,0,36,6,2,22.3,59.5,28.97,1069.44,2.9,0
2025-04-25,Friday,18,Dinner,Rainy,1,51,9,6,27.0,75.4,20.87,1040.47,3.2,1
2025-01-31,Friday,20,Dinner,Sunny,0,45,6,4,19.8,87.6,23.55,1122.73,3.7,1
2025-06-17,Tuesday,11,Lunch,Sunny,1,34,5,3,32.2,88.1,24.17,788.03,2.8,0
2025-01-27,Monday,19,Dinner,Sunny,1,49,7,5,30.0,76.9,16.24,835.16,2.8,3
2025-04-16,Wednesday,11,Lunch,Sunny,0,50,10,3,24.5,75.3,21.85,1001.63,2.7,3
2025-05-23,Friday,21,Dinner,Sunny,0,50,6,5,21.4,85.8,28.15,1503.52,3.2,1
2025-01-01,Wednesday,12,Lunch,Sunny,1,37,6,4,25.1,83.6,23.37,910.01,3.4,2
2025-06-04,Wednesday,17,Dinner,Rainy,1,37,6,2,26.5,82.8,23.93,671.31,3.2,0
2025-05-11,Sunday,21,Dinner,Rainy,0,36,5,5,23.8,79.5,26.28,873.98,3.8,1
2025-02-22,Saturday,20,Dinner,Cloudy,1,48,6,3,32.3,101.9,22.37,1021.27,2.9,3
2025-03-29,Saturday,18,Dinner,Cloudy,0,53,8,3,23.9,82.7,17.19,888.13,3.1,2
2025-01-14,Tuesday,14,Lunch,Cloudy,0,21,3,3,25.8,92.7,29.68,631.71,3.5,2
2025-04-27,Sunday,18,Dinner,Sunny,1,32,5,3,24.2,73.0,24.59,894.08,3.2,0
2025-05-24,Saturday,20,Dinner,Sunny,0,48,8,5,24.6,76.1,28.35,1491.21,3.8,0
2025-06-18,Wednesday,18,Dinner,Sunny,1,52,8,4,18.1,67.9,12.73,363.74,3.9,0
2025-04-26,Saturday,12,Lunch,Sunny,0,53,8,2,25.2,81.3,30.67,1661.81,2.6,3
2025-01-25,Saturday,14,Lunch,Cloudy,0,47,9,4,19.3,84.5,30.18,1303.14,3.3,3
2025-01-01,Wednesday,18,Dinner,Cloudy,1,43,6,4,21.1,80.4,20.4,816.77,3.4,2
2025-04-01,Tuesday,17,Dinner,Cloudy,0,28,4,3,13.7,79.3,21.09,511.37,3.6,0
2025-05-21,Wednesday,21,Dinner,Rainy,1,31,4,3,22.8,70.7,15.7,427.55,3.8,0
2025-04-06,Sunday,12,Lunch,Sunny,0,34,6,4,19.2,91.6,22.26,881.17,4.5,1
2025-01-12,Sunday,13,Lunch,Sunny,0,36,7,2,23.5,72.1,21.77,895.45,3.6,1
2025-05-07,Wednesday,13,Lunch,Sunny,1,40,8,4,27.2,83.8,26.69,967.39,3.5,2
2025-04-15,Tuesday,12,Lunch,Sunny,0,51,7,4,12.3,88.7,28.0,1188.93,4.3,1
2025-03-07,Friday,14,Lunch,Sunny,1,52,6,4,22.3,66.7,21.35,1389.82,4.2,2
2025-02-18,Tuesday,12,Lunch,Rainy,0,23,5,2,27.6,82.0,17.98,482.6,2.5,1
2025-04-11,Friday,14,Lunch,Cloudy,0,46,7,2,25.2,80.9,19.13,701.97,3.1,0
2025-04-28,Monday,14,Lunch,Cloudy,0,37,5,3,24.3,75.6,21.32,1103.62,3.0,1
2025-03-28,Friday,12,Lunch,Sunny,0,27,3,4,12.1,72.9,16.95,339.34,3.9,0
2025-04-17,Thursday,11,Lunch,Sunny,0,43,6,4,25.3,90.3,18.17,919.16,3.3,0
2025-06-12,Thursday,12,Lunch,Rainy,0,17,3,2,26.4,95.6,24.78,606.62,3.5,1
2025-04-26,Saturday,20,Dinner,Sunny,0,55,10,3,28.1,72.4,28.78,1558.65,3.3,3
2025-06-18,Wednesday,21,Dinner,Sunny,0,46,6,4,24.2,79.4,19.22,816.58,3.4,0
2025-02-04,Tuesday,20,Dinner,Cloudy,0,39,5,3,26.6,80.2,22.47,954.86,3.5,4
2025-01-02,Thursday,21,Dinner,Cloudy,0,46,6,3,23.9,79.3,20.94,777.95,3.4,5
2025-01-13,Monday,21,Dinner,Sunny,0,48,8,3,21.2,67.9,22.75,1194.18,4.3,1
2025-04-21,Monday,20,Dinner,Rainy,0,41,5,3,21.0,78.6,26.75,848.92,4.0,0
2025-05-11,Sunday,13,Lunch,Sunny,1,47,6,3,30.8,93.8,17.74,749.44,2.9,2
2025-06-27,Friday,13,Lunch,Sunny,1,38,4,2,32.4,81.0,15.18,582.55,1.9,1
2025-02-02,Sunday,12,Lunch,Sunny,0,22,3,2,19.2,72.2,23.61,434.8,3.3,2
2025-04-10,Thursday,18,Dinner,Sunny,1,47,7,5,24.3,79.9,20.88,849.1,3.2,0
2025-05-10,Saturday,19,Dinner,Cloudy,0,33,4,3,26.4,97.3,30.21,877.24,3.7,4
2025-04-18,Friday,14,Lunch,Sunny,0,41,7,2,30.0,93.7,27.79,1313.36,3.0,3
2025-03-12,Wednesday,19,Dinner,Sunny,0,33,3,2,26.2,80.0,27.26,933.32,3.6,0
2025-03-29,Saturday,17,Dinner,Sunny,0,49,8,3,22.9,81.1,22.53,1127.51,3.6,1
2025-04-26,Saturday,13,Lunch,Cloudy,0,38,4,3,22.1,86.5,21.31,814.43,3.7,0
2025-02-05,Wednesday,19,Dinner,Sunny,0,47,9,6,24.5,71.0,30.05,1178.14,3.2,0
2025-06-04,Wednesday,21,Dinner,Sunny,0,35,4,3,18.4,66.4,21.06,813.18,4.4,2
2025-03-18,Tuesday,21,Dinner,Rainy,1,40,6,3,23.4,77.9,20.43,978.44,3.0,3
2025-03-22,Saturday,21,Dinner,Sunny,1,57,8,4,31.6,91.8,25.08,1726.53,2.6,4
2025-06-11,Wednesday,14,Lunch,Sunny,1,41,6,2,17.2,73.6,23.92,1100.56,3.9,0
2025-02-21,Friday,14,Lunch,Sunny,0,56,8,3,22.0,69.9,17.38,1204.56,3.3,0
2025-06-09,Monday,17,Dinner,Sunny,1,20,3,2,27.8,78.1,22.66,436.7,2.9,2
2025-06-25,Wednesday,18,Dinner,Sunny,0,32,5,2,16.4,90.9,23.11,835.84,3.9,0
2025-06-22,Sunday,13,Lunch,Cloudy,0,49,7,4,24.9,85.8,26.21,1452.66,3.0,2
2025-06-16,Monday,13,Lunch,Cloudy,1,53,8,3,30.7,88.2,22.48,1195.32,3.2,5
2025-05-09,Friday,21,Dinner,Sunny,0,38,6,3,21.9,83.7,24.52,888.26,3.1,0
2025-06-27,Friday,18,Dinner,Sunny,0,37,5,2,30.9,84.0,22.46,944.27,3.1,4
2025-01-30,Thursday,18,Dinner,Sunny,1,49,8,3,27.2,86.4,24.4,1056.12,3.3,3
2025-05-24,Saturday,20,Dinner,Sunny,1,52,9,5,17.3,72.9,33.9,1744.53,4.1,2
2025-05-30,Friday,19,Dinner,Cloudy,1,43,6,2,25.7,89.7,20.45,961.86,3.2,3
2025-06-22,Sunday,21,Dinner,Rainy,1,13,3,2,19.5,87.2,22.41,321.23,3.4,2
2025-03-15,Saturday,19,Dinner,Sunny,1,57,8,5,16.6,89.6,17.94,837.87,4.6,0
2025-01-04,Saturday,21,Dinner,Rainy,0,33,3,2,27.7,79.7,21.97,672.42,2.6,2
2025-01-28,Tuesday,11,Lunch,Rainy,1,36,6,2,25.7,77.2,22.61,506.38,3.8,0
2025-04-08,Tuesday,13,Lunch,Sunny,1,63,10,6,22.4,73.3,16.15,1004.04,3.1,1
2025-01-14,Tuesday,11,Lunch,Cloudy,0,33,7,2,18.0,76.5,28.97,1033.46,3.7,3
2025-02-21,Friday,17,Dinner,Cloudy,1,32,4,2,24.7,85.5,19.42,563.78,3.1,2
2025-02-11,Tuesday,17,Dinner,Rainy,0,40,7,2,22.5,85.7,26.76,1057.19,3.5,3
2025-06-24,Tuesday,17,Dinner,Sunny,0,32,6,2,28.3,77.4,21.04,745.5,3.7,1
2025-02-07,Friday,11,Lunch,Cloudy,0,30,4,2,12.3,69.3,18.34,325.32,3.9,1
2025-06-26,Thursday,17,Dinner,Cloudy,0,46,7,3,21.4,69.0,17.85,574.27,3.0,1
2025-02-22,Saturday,21,Dinner,Sunny,0,15,3,2,19.8,76.5,23.22,342.19,3.5,2
2025-01-09,Thursday,18,Dinner,Sunny,0,40,5,2,29.1,91.6,24.15,1086.87,2.6,0
2025-04-26,Saturday,12,Lunch,Sunny,1,47,8,4,33.7,82.5,29.66,935.66,2.3,2
2025-06-07,Saturday,21,Dinner,Rainy,1,36,5,2,26.0,74.1,20.77,759.09,3.9,1
2025-02-27,Thursday,21,Dinner,Sunny,0,45,9,3,19.1,90.5,26.88,1143.11,4.0,0
2025-04-10,Thursday,14,Lunch,Sunny,0,32,7,2,21.8,76.8,26.59,868.11,3.6,1
2025-05-11,Sunday,17,Dinner,Sunny,1,16,3,2,5.5,59.1,26.6,498.69,4.8,0
2025-06-27,Friday,11,Lunch,Sunny,0,39,6,3,25.5,67.9,20.86,759.11,3.5,1
2025-04-08,Tuesday,19,Dinner,Sunny,0,23,4,3,14.1,75.4,22.26,365.36,3.6,0
2025-04-17,Thursday,18,Dinner,Sunny,0,42,6,4,24.4,78.8,19.19,919.51,3.0,2
2025-05-22,Thursday,11,Lunch,Sunny,0,25,3,2,16.3,70.6,24.57,672.65,3.5,1
2025-01-04,Saturday,17,Dinner,Rainy,0,28,3,2,16.5,63.3,20.32,526.21,4.1,1
2025-02-21,Friday,20,Dinner,Sunny,0,53,9,2,37.6,85.0,24.11,1227.78,3.3,1
2025-02-27,Thursday,18,Dinner,Cloudy,0,39,7,2,21.5,85.2,24.27,962.39,3.3,0
2025-05-31,Saturday,21,Dinner,Sunny,1,62,11,3,29.2,84.9,24.38,1363.73,2.6,2
2025-06-04,Wednesday,14,Lunch,Cloudy,1,49,7,4,25.8,84.0,22.9,1120.19,4.1,0
2025-02-19,Wednesday,17,Dinner,Sunny,0,34,4,2,13.6,84.3,21.58,612.64,4.2,0
2025-04-25,Friday,13,Lunch,Sunny,0,52,8,4,24.7,80.9,23.71,1066.33,3.1,2
2025-06-24,Tuesday,12,Lunch,Rainy,1,23,6,2,27.1,78.8,22.8,732.89,3.0,1
2025-02-17,Monday,13,Lunch,Sunny,0,26,4,2,28.2,77.4,16.03,626.92,3.2,2
2025-05-12,Monday,12,Lunch,Sunny,0,35,4,2,24.5,72.6,28.39,887.84,3.5,3
2025-04-07,Monday,11,Lunch,Sunny,0,40,6,3,27.2,82.6,24.48,1128.62,3.2,1
2025-04-20,Sunday,17,Dinner,Cloudy,1,49,8,3,26.7,78.6,18.4,806.0,3.1,3
2025-05-23,Friday,17,Dinner,Rainy,1,45,7,4,23.9,83.1,18.31,702.22,3.6,1
2025-02-03,Monday,13,Lunch,Cloudy,1,60,10,6,23.0,77.2,20.58,1431.81,3.4,2
2025-05-30,Friday,17,Dinner,Cloudy,1,43,7,4,11.3,61.6,19.64,835.73,4.6,0
2025-01-02,Thursday,18,Dinner,Cloudy,0,39,6,4,25.0,75.0,25.41,935.92,3.0,0
2025-04-30,Wednesday,13,Lunch,Cloudy,1,48,8,3,32.2,81.4,22.82,980.53,2.4,2
2025-01-11,Saturday,13,Lunch,Rainy,0,29,4,2,7.1,82.9,17.65,291.03,4.4,0
2025-03-24,Monday,11,Lunch,Cloudy,0,34,4,3,23.1,76.3,21.72,723.71,3.3,1
2025-06-10,Tuesday,17,Dinner,Rainy,0,21,3,2,26.3,85.1,23.71,433.21,3.1,1
2025-05-06,Tuesday,21,Dinner,Cloudy,1,40,6,4,31.5,81.4,26.03,852.48,2.6,3
2025-04-02,Wednesday,12,Lunch,Sunny,0,29,5,2,25.7,86.1,23.02,393.73,4.0,0
2025-03-23,Sunday,21,Dinner,Sunny,0,12,3,2,20.9,96.7,28.18,250.0,4.6,1
2025-02-26,Wednesday,13,Lunch,Sunny,0,29,5,2,29.9,92.4,25.73,704.63,3.4,2
2025-05-14,Wednesday,12,Lunch,Sunny,0,32,4,2,23.8,88.3,19.49,363.98,2.9,0
2025-05-10,Saturday,13,Lunch,Rainy,0,30,5,2,27.4,79.2,25.87,777.45,3.1,1
2025-04-17,Thursday,21,Dinner,Sunny,1,42,6,5,23.1,79.6,18.17,763.04,3.4,1
2025-05-18,Sunday,19,Dinner,Cloudy,1,42,7,3,22.0,71.1,15.98,842.7,3.4,2
2025-01-24,Friday,18,Dinner,Sunny,0,26,4,2,26.7,82.7,31.1,835.0,3.6,0
2025-02-26,Wednesday,14,Lunch,Sunny,0,36,6,3,24.5,88.6,19.12,630.12,2.9,3
2025-06-19,Thursday,18,Dinner,Cloudy,0,12,3,2,18.8,87.5,18.33,483.89,4.6,3
2025-03-26,Wednesday,18,Dinner,Sunny,0,32,4,2,21.8,67.7,29.2,846.3,3.5,0
2025-03-17,Monday,14,Lunch,Sunny,0,40,7,4,23.4,80.1,25.3,971.89,3.3,1
2025-06-08,Sunday,21,Dinner,Rainy,0,8,3,2,23.5,84.0,23.94,250.0,3.6,1
2025-05-02,Friday,21,Dinner,Cloudy,0,59,10,3,27.7,83.1,27.89,1693.87,3.2,1
2025-06-16,Monday,11,Lunch,Cloudy,0,46,7,3,15.5,86.0,27.45,1360.52,4.1,0
2025-01-30,Thursday,18,Dinner,Cloudy,1,38,7,4,25.4,88.9,19.12,920.07,3.1,2
2025-04-25,Friday,14,Lunch,Sunny,0,31,6,2,21.4,91.4,21.59,571.19,3.9,0
2025-06-14,Saturday,14,Lunch,Sunny,1,45,8,4,10.7,60.3,29.69,1404.01,4.4,0
2025-01-11,Saturday,18,Dinner,Sunny,1,45,6,2,28.9,69.7,17.64,613.18,2.8,0
2025-04-08,Tuesday,12,Lunch,Cloudy,0,12,3,2,11.3,52.5,25.04,305.33,4.3,0
2025-04-09,Wednesday,17,Dinner,Cloudy,0,43,6,5,16.2,55.9,17.81,823.8,3.9,0
2025-05-19,Monday,17,Dinner,Cloudy,0,42,7,2,27.4,96.2,19.8,880.39,2.3,1
2025-01-07,Tuesday,21,Dinner,Sunny,1,39,6,2,30.5,80.0,16.12,767.12,2.9,3
2025-04-06,Sunday,21,Dinner,Sunny,0,40,6,3,27.6,79.5,21.84,685.57,2.9,0
2025-05-11,Sunday,20,Dinner,Cloudy,0,44,6,3,31.9,74.8,26.13,932.51,3.5,2
2025-05-05,Monday,11,Lunch,Cloudy,0,28,3,3,17.2,80.3,19.3,474.54,4.0,2
2025-03-17,Monday,14,Lunch,Rainy,0,24,4,2,30.3,90.0,25.44,353.06,3.0,0
2025-03-24,Monday,21,Dinner,Sunny,1,40,5,4,21.2,79.0,20.3,880.44,3.5,0
2025-01-22,Wednesday,12,Lunch,Sunny,1,38,6,3,15.8,79.1,18.42,766.62,4.7,1
2025-02-12,Wednesday,21,Dinner,Sunny,1,48,9,3,29.0,86.7,23.91,1224.7,2.7,2
2025-05-17,Saturday,11,Lunch,Cloudy,0,32,6,2,21.5,71.5,27.9,1040.78,3.2,3
2025-06-10,Tuesday,12,Lunch,Rainy,1,57,12,5,28.0,85.3,30.27,1663.25,3.4,3
2025-02-23,Sunday,14,Lunch,Sunny,0,23,3,2,24.6,69.4,25.74,643.84,3.7,0
2025-06-25,Wednesday,19,Dinner,Sunny,1,48,9,4,26.3,74.9,14.99,658.6,3.1,1
2025-01-27,Monday,14,Lunch,Cloudy,0,52,9,4,14.8,72.4,31.63,1579.42,4.6,0
2025-05-18,Sunday,19,Dinner,Rainy,0,23,3,3,21.6,86.2,24.65,638.44,3.6,2
2025-06-15,Sunday,12,Lunch,Rainy,1,51,9,3,29.9,67.9,21.16,980.96,3.2,0
2025-06-25,Wednesday,13,Lunch,Rainy,0,34,5,2,30.2,74.7,21.49,735.75,3.5,2
2025-01-07,Tuesday,20,Dinner,Sunny,0,35,5,2,27.3,80.7,22.69,808.32,3.3,1
2025-03-26,Wednesday,11,Lunch,Sunny,0,47,9,2,22.8,80.9,16.97,917.98,3.5,1
2025-01-23,Thursday,12,Lunch,Sunny,0,39,7,3,19.2,73.0,23.88,938.64,4.1,2
2025-01-14,Tuesday,13,Lunch,Sunny,0,35,7,2,22.7,68.8,24.36,845.79,3.4,0
2025-03-06,Thursday,21,Dinner,Cloudy,0,29,3,2,26.6,77.0,22.36,794.87,3.5,0
2025-01-19,Sunday,14,Lunch,Sunny,0,31,5,2,34.2,74.5,23.8,674.68,2.8,1
2025-03-08,Saturday,19,Dinner,Sunny,0,39,7,2,22.7,80.1,20.1,875.29,3.1,2
2025-04-10,Thursday,20,Dinner,Sunny,1,38,6,3,22.6,88.2,21.12,801.01,3.5,3
2025-06-11,Wednesday,19,Dinner,Sunny,1,42,4,5,22.2,76.8,20.37,855.5,3.5,5
2025-04-21,Monday,18,Dinner,Cloudy,0,40,6,4,21.2,75.9,22.0,515.78,3.4,2
2025-01-05,Sunday,19,Dinner,Sunny,0,21,3,2,25.8,78.0,23.84,806.78,3.7,0
2025-06-22,Sunday,12,Lunch,Rainy,0,29,7,2,22.9,67.9,20.54,673.61,3.4,0
2025-05-17,Saturday,11,Lunch,Cloudy,1,56,10,5,22.0,81.5,24.54,1223.34,3.8,2
2025-06-14,Saturday,12,Lunch,Sunny,0,57,11,3,17.2,74.2,14.32,819.1,4.3,1
2025-05-30,Friday,11,Lunch,Cloudy,0,39,8,2,25.6,82.4,22.45,756.97,3.4,0
2025-06-29,Sunday,12,Lunch,Sunny,0,26,5,2,22.3,99.4,13.98,344.09,3.8,1
2025-04-02,Wednesday,21,Dinner,Cloudy,0,28,4,3,24.8,87.7,30.03,851.89,4.2,3
2025-01-28,Tuesday,17,Dinner,Cloudy,0,46,7,3,18.8,83.7,26.36,1027.67,4.6,0
2025-06-25,Wednesday,17,Dinner,Rainy,0,23,3,2,29.2,76.6,20.79,573.34,2.8,1
2025-06-05,Thursday,12,Lunch,Rainy,0,27,4,2,15.5,92.3,27.93,869.46,3.7,1
2025-03-14,Friday,20,Dinner,Cloudy,1,58,9,5,29.0,76.5,21.63,1248.52,3.1,1
2025-04-08,Tuesday,19,Dinner,Cloudy,0,41,6,3,26.3,78.9,29.14,1085.98,3.8,0
2025-06-19,Thursday,11,Lunch,Sunny,0,19,3,2,27.5,82.4,30.52,746.46,3.7,2
2025-05-02,Friday,13,Lunch,Sunny,0,57,9,3,21.4,73.8,21.85,1084.15,3.2,1
2025-05-17,Saturday,14,Lunch,Cloudy,1,51,8,4,27.6,85.1,14.84,530.97,3.4,1
2025-02-04,Tuesday,19,Dinner,Sunny,0,33,3,3,29.3,91.8,28.95,771.73,3.4,2
2025-05-20,Tuesday,17,Dinner,Sunny,0,22,6,2,27.9,79.9,26.17,554.26,3.1,2
2025-06-12,Thursday,13,Lunch,Sunny,0,35,5,2,16.9,80.1,27.45,1278.77,3.3,2
2025-03-18,Tuesday,18,Dinner,Sunny,0,39,6,2,27.1,92.9,25.64,925.14,2.3,0
2025-01-03,Friday,21,Dinner,Cloudy,0,25,3,3,32.0,81.9,22.81,706.49,3.0,2
2025-05-23,Friday,13,Lunch,Sunny,0,29,4,2,22.3,80.2,21.88,532.42,3.7,0
2025-02-01,Saturday,11,Lunch,Cloudy,0,45,7,4,20.7,68.1,19.02,1025.08,3.3,0
2025-01-02,Thursday,19,Dinner,Sunny,0,30,6,2,13.8,80.5,25.36,923.52,3.9,1
2025-05-18,Sunday,21,Dinner,Rainy,0,36,6,2,23.3,75.8,25.72,708.09,3.5,1
2025-01-22,Wednesday,17,Dinner,Sunny,0,29,5,3,22.8,81.3,30.15,669.13,2.8,1
2025-02-23,Sunday,18,Dinner,Cloudy,0,45,8,4,16.6,78.0,20.06,992.83,3.9,0
2025-02-24,Monday,19,Dinner,Sunny,0,37,7,2,22.8,58.6,21.91,971.58,3.2,0
2025-06-15,Sunday,21,Dinner,Cloudy,1,45,7,4,14.4,81.5,24.0,1130.32,3.5,0
2025-02-06,Thursday,13,Lunch,Cloudy,1,48,8,4,29.1,90.6,21.31,990.66,3.2,0
2025-02-17,Monday,14,Lunch,Rainy,0,13,3,2,24.9,82.9,25.49,293.07,3.5,1
2025-06-07,Saturday,17,Dinner,Sunny,0,40,6,2,32.0,89.6,18.41,543.9,3.0,7
2025-02-19,Wednesday,12,Lunch,Sunny,0,36,6,4,24.7,73.1,24.03,822.21,3.0,3
2025-02-16,Sunday,11,Lunch,Rainy,0,12,3,2,17.2,89.5,22.15,511.07,3.9,2
2025-05-21,Wednesday,20,Dinner,Cloudy,0,31,5,2,26.9,74.6,16.96,537.18,3.2,1
2025-06-15,Sunday,21,Dinner,Sunny,0,34,4,2,31.8,87.6,19.17,359.18,2.5,1
2025-01-19,Sunday,17,Dinner,Sunny,0,36,6,2,23.6,77.4,21.0,890.14,3.7,0
2025-06-21,Saturday,12,Lunch,Rainy,1,68,12,4,29.3,85.4,17.75,980.82,3.3,0
2025-03-06,Thursday,12,Lunch,Sunny,0,27,4,2,18.2,73.1,21.41,427.26,4.2,0
2025-02-20,Thursday,20,Dinner,Sunny,0,31,5,3,30.0,84.4,27.8,753.04,3.9,3
2025-03-26,Wednesday,18,Dinner,Rainy,1,35,3,3,22.0,84.4,23.82,969.35,3.3,3
2025-02-02,Sunday,14,Lunch,Sunny,0,22,5,2,20.7,84.7,24.18,490.68,3.4,1
2025-01-26,Sunday,17,Dinner,Sunny,1,47,7,2,31.7,84.2,19.66,745.24,2.2,3
2025-06-08,Sunday,12,Lunch,Sunny,0,15,3,2,16.6,78.7,24.19,603.61,4.1,0
2025-02-19,Wednesday,18,Dinner,Sunny,1,37,7,3,21.7,89.4,26.62,1022.25,3.8,1
2025-05-05,Monday,20,Dinner,Cloudy,0,35,4,3,33.7,96.6,15.65,355.94,2.4,1
2025-03-26,Wednesday,17,Dinner,Cloudy,1,31,4,2,26.7,80.2,23.81,681.66,2.5,2
2025-06-27,Friday,13,Lunch,Cloudy,1,71,9,7,26.6,76.7,17.51,1279.09,3.5,1
2025-05-25,Sunday,18,Dinner,Cloudy,1,29,5,2,24.2,75.3,26.84,690.16,3.2,1
2025-03-22,Saturday,19,Dinner,Cloudy,1,61,9,6,23.4,99.2,22.6,1311.95,3.4,0
2025-02-13,Thursday,11,Lunch,Rainy,0,42,6,4,20.8,55.8,37.77,1607.69,3.6,1
2025-03-22,Saturday,14,Lunch,Rainy,1,32,5,3,23.2,69.4,11.08,274.46,2.9,2
2025-02-26,Wednesday,19,Dinner,Cloudy,0,43,7,5,23.0,89.8,12.33,670.88,3.7,5
2025-03-12,Wednesday,18,Dinner,Sunny,0,46,7,3,17.4,78.5,29.33,1290.84,4.1,0
2025-02-04,Tuesday,18,Dinner,Sunny,0,19,3,2,20.9,79.1,22.82,811.42,3.7,3
2025-05-03,Saturday,20,Dinner,Sunny,1,59,10,4,31.3,85.7,17.38,708.28,2.7,3
2025-04-25,Friday,18,Dinner,Cloudy,1,34,6,2,17.6,82.1,20.91,571.57,4.4,0
2025-03-20,Thursday,20,Dinner,Cloudy,0,41,7,3,19.3,72.3,24.62,1271.66,4.3,1
2025-05-22,Thursday,12,Lunch,Cloudy,1,46,7,4,25.5,79.9,23.89,1093.36,3.4,2
2025-02-14,Friday,12,Lunch,Sunny,1,49,8,4,30.6,74.5,22.02,1070.53,2.9,1
2025-03-13,Thursday,13,Lunch,Sunny,0,25,3,2,30.8,89.6,25.13,661.55,2.8,1
2025-05-18,Sunday,14,Lunch,Sunny,0,26,4,2,20.8,86.8,13.16,284.6,2.7,0
2025-03-09,Sunday,12,Lunch,Cloudy,0,37,5,3,18.7,78.1,25.78,816.43,3.4,1
2025-01-20,Monday,11,Lunch,Sunny,0,30,5,3,7.2,60.5,20.57,702.36,4.7,0
2025-05-10,Saturday,11,Lunch,Cloudy,0,35,6,2,32.0,71.7,22.68,720.44,3.3,2
2025-05-29,Thursday,19,Dinner,Cloudy,0,38,7,2,24.0,67.4,23.09,626.45,3.4,2
2025-06-01,Sunday,14,Lunch,Cloudy,1,23,3,2,33.6,86.1,17.75,350.7,2.0,3
2025-01-10,Friday,21,Dinner,Sunny,0,30,3,2,24.7,72.1,21.43,755.03,3.5,0
2025-03-08,Saturday,21,Dinner,Cloudy,1,41,8,3,26.5,85.1,27.07,1069.88,3.4,2
2025-05-19,Monday,20,Dinner,Sunny,0,32,6,3,22.0,74.5,24.57,1029.09,3.6,1
2025-06-17,Tuesday,13,Lunch,Sunny,0,20,3,2,18.2,70.5,26.1,608.05,3.3,2
2025-04-04,Friday,19,Dinner,Cloudy,0,34,6,2,24.8,64.3,28.92,951.9,3.4,2
2025-02-27,Thursday,17,Dinner,Sunny,1,37,5,3,16.1,77.3,14.92,476.35,4.1,1
2025-02-04,Tuesday,20,Dinner,Sunny,0,47,6,4,23.7,74.6,18.13,680.17,3.1,3
2025-05-09,Friday,21,Dinner,Sunny,0,44,7,4,15.1,71.8,27.91,1030.62,4.0,0
2025-01-24,Friday,19,Dinner,Sunny,0,45,9,3,22.7,84.5,26.09,1299.22,3.7,1
2025-04-04,Friday,21,Dinner,Cloudy,1,54,7,3,24.7,78.5,16.42,826.87,2.9,1
2025-01-03,Friday,14,Lunch,Cloudy,0,42,8,4,16.4,59.3,21.56,734.96,3.2,1
2025-06-07,Saturday,13,Lunch,Sunny,1,64,10,5,20.0,62.6,26.47,1727.19,3.6,2
2025-05-12,Monday,13,Lunch,Sunny,0,43,8,4,21.6,70.2,27.57,1272.44,4.4,3
2025-04-25,Friday,13,Lunch,Sunny,1,66,11,4,25.5,76.6,22.83,1539.96,3.0,3
2025-02-15,Saturday,13,Lunch,Rainy,0,43,7,3,22.8,86.2,22.74,1004.02,2.9,1
2025-05-04,Sunday,18,Dinner,Cloudy,0,42,6,3,31.0,78.5,16.81,749.5,2.5,2
2025-01-11,Saturday,14,Lunch,Sunny,0,41,8,2,26.8,84.5,19.57,570.53,3.1,0
2025-05-05,Monday,14,Lunch,Cloudy,1,52,7,3,26.4,90.6,18.97,938.37,2.6,1
2025-01-17,Friday,17,Dinner,Cloudy,0,31,5,2,17.0,81.5,26.39,672.66,3.8,0
2025-04-05,Saturday,14,Lunch,Cloudy,1,53,9,5,23.6,67.2,18.64,966.76,3.1,4
2025-01-11,Saturday,14,Lunch,Sunny,0,38,7,2,20.2,84.8,21.93,699.56,3.9,0
2025-05-13,Tuesday,18,Dinner,Rainy,0,16,3,2,22.7,71.1,21.46,250.0,3.8,0
2025-04-10,Thursday,20,Dinner,Sunny,0,32,5,2,21.5,66.1,19.5,801.57,4.0,2
2025-04-27,Sunday,11,Lunch,Cloudy,0,59,10,4,16.0,75.3,26.99,1486.01,4.1,0
2025-01-11,Saturday,18,Dinner,Sunny,0,55,9,5,8.5,72.1,20.95,943.19,4.4,0
2025-01-27,Monday,21,Dinner,Cloudy,0,47,8,4,16.1,79.7,20.05,924.35,4.3,0
2025-06-12,Thursday,17,Dinner,Sunny,0,44,8,3,19.1,89.2,20.67,739.13,4.0,0
2025-03-09,Sunday,21,Dinner,Cloudy,1,49,8,4,29.3,79.3,12.81,731.18,3.2,2
2025-05-26,Monday,13,Lunch,Sunny,0,28,7,2,17.9,69.1,22.53,508.6,3.7,1
2025-04-07,Monday,19,Dinner,Sunny,0,43,6,2,25.4,95.5,15.69,475.02,3.6,1
2025-04-04,Friday,12,Lunch,Rainy,0,31,5,4,14.6,82.0,25.72,573.93,4.3,2
2025-05-13,Tuesday,17,Dinner,Rainy,1,24,4,2,27.5,85.5,28.62,785.27,3.4,1
2025-04-07,Monday,14,Lunch,Sunny,0,26,4,2,19.1,83.2,24.72,879.82,3.9,1
2025-05-13,Tuesday,19,Dinner,Sunny,0,34,5,3,27.3,82.1,34.07,1072.39,3.8,1
2025-04-01,Tuesday,18,Dinner,Rainy,0,15,3,2,20.0,69.9,29.06,511.3,3.7,0
2025-05-05,Monday,20,Dinner,Sunny,1,45,6,4,27.5,74.8,27.3,1310.72,2.7,4
2025-06-04,Wednesday,11,Lunch,Sunny,0,35,6,2,23.0,79.1,23.96,824.59,3.3,1
2025-05-09,Friday,13,Lunch,Rainy,0,46,10,2,24.5,91.5,19.91,1018.56,3.2,0
2025-04-23,Wednesday,13,Lunch,Sunny,0,31,4,2,20.6,88.6,25.72,984.49,4.2,1
2025-02-28,Friday,12,Lunch,Cloudy,0,37,5,2,23.7,86.5,24.02,708.34,4.3,2
2025-05-12,Monday,17,Dinner,Cloudy,1,36,4,4,22.9,88.7,17.23,831.4,3.4,1
2025-02-24,Monday,13,Lunch,Sunny,1,46,7,3,32.8,92.0,21.6,993.29,2.9,3
2025-02-17,Monday,13,Lunch,Sunny,0,53,8,3,23.1,93.2,22.66,1444.49,3.1,2
2025-04-03,Thursday,12,Lunch,Sunny,0,36,6,3,15.0,78.7,23.52,709.06,3.7,1
2025-06-19,Thursday,14,Lunch,Cloudy,0,14,3,2,16.5,72.0,21.85,250.0,4.5,2
2025-04-17,Thursday,18,Dinner,Sunny,1,51,8,4,39.8,89.7,23.77,1523.07,1.8,5
2025-01-30,Thursday,20,Dinner,Rainy,1,42,5,4,30.2,78.4,12.28,719.16,3.0,0
2025-06-22,Sunday,20,Dinner,Sunny,0,30,3,2,32.6,84.5,21.5,726.76,2.5,3
2025-05-03,Saturday,14,Lunch,Cloudy,0,42,8,3,18.5,69.9,18.61,670.37,4.2,0
2025-06-01,Sunday,13,Lunch,Cloudy,0,31,3,2,21.1,75.4,19.76,554.99,4.1,1
2025-06-15,Sunday,19,Dinner,Sunny,1,31,3,2,30.9,89.9,25.62,835.47,2.5,1
2025-01-06,Monday,14,Lunch,Cloudy,0,47,6,4,33.6,80.7,22.03,1165.42,2.8,3
2025-01-12,Sunday,13,Lunch,Rainy,1,50,7,3,31.2,77.4,25.01,1044.72,2.9,5
2025-05-27,Tuesday,13,Lunch,Rainy,0,31,4,5,5.2,62.3,21.04,788.5,4.1,0
2025-02-04,Tuesday,21,Dinner,Cloudy,0,33,5,2,17.3,65.0,30.24,1221.83,3.5,4
2025-01-11,Saturday,13,Lunch,Sunny,0,25,5,2,28.1,91.2,24.2,496.7,3.9,1
2025-01-15,Wednesday,13,Lunch,Sunny,0,28,4,2,30.6,77.4,25.12,743.4,2.4,2
2025-03-08,Saturday,13,Lunch,Cloudy,0,55,9,3,27.0,86.4,25.89,1362.78,3.5,2
2025-05-13,Tuesday,19,Dinner,Cloudy,1,48,9,3,40.9,82.6,19.12,809.54,2.2,5
2025-06-03,Tuesday,11,Lunch,Sunny,1,45,7,3,20.3,96.9,16.94,900.8,3.5,0
2025-06-19,Thursday,17,Dinner,Rainy,0,29,5,2,18.9,75.2,26.72,877.35,3.5,0
2025-01-22,Wednesday,14,Lunch,Sunny,0,33,5,2,14.7,85.1,28.45,689.17,4.3,1
2025-04-25,Friday,20,Dinner,Sunny,0,53,8,2,26.2,68.2,27.58,1418.09,3.3,3
2025-05-04,Sunday,13,Lunch,Sunny,0,38,6,3,23.2,79.4,28.83,975.38,2.6,1
2025-02-26,Wednesday,19,Dinner,Rainy,0,30,5,2,24.5,68.4,26.38,793.02,3.0,1
2025-06-03,Tuesday,13,Lunch,Sunny,0,23,3,2,21.9,80.4,30.67,909.73,3.4,1
2025-05-30,Friday,13,Lunch,Sunny,1,62,10,5,28.8,90.0,23.0,1440.81,3.4,2
2025-06-09,Monday,21,Dinner,Sunny,0,33,5,2,28.4,102.1,27.46,902.14,3.6,2
2025-03-09,Sunday,13,Lunch,Cloudy,1,51,9,3,27.6,82.0,18.55,691.02,3.3,1
2025-06-25,Wednesday,18,Dinner,Cloudy,0,15,3,2,20.8,84.4,19.76,250.0,3.6,1
2025-04-27,Sunday,12,Lunch,Rainy,1,33,7,2,19.2,78.0,31.43,1150.49,3.2,1
2025-02-28,Friday,19,Dinner,Cloudy,0,34,4,2,19.7,66.6,20.95,803.96,3.8,1
2025-04-09,Wednesday,13,Lunch,Cloudy,1,35,6,2,25.9,93.2,24.27,601.15,3.0,0
2025-01-28,Tuesday,11,Lunch,Sunny,0,29,3,3,33.4,87.5,24.56,725.94,2.9,5
2025-02-21,Friday,21,Dinner,Rainy,1,46,7,3,21.6,68.9,21.11,1209.11,3.5,1
2025-05-10,Saturday,19,Dinner,Cloudy,0,41,7,2,23.6,95.1,23.63,985.0,3.4,0
2025-02-08,Saturday,12,Lunch,Rainy,1,44,6,3,29.3,89.2,20.26,756.08,3.5,1
2025-02-15,Saturday,20,Dinner,Cloudy,0,61,9,5,22.0,88.2,18.37,1055.52,2.9,2
2025-06-07,Saturday,11,Lunch,Sunny,1,56,8,2,26.2,86.4,14.9,833.53,3.3,2
2025-05-17,Saturday,21,Dinner,Sunny,0,25,3,2,21.3,86.0,25.05,804.07,3.2,0
2025-01-31,Friday,12,Lunch,Cloudy,1,55,8,4,30.2,80.8,21.3,1251.34,2.9,3
2025-05-04,Sunday,13,Lunch,Sunny,0,35,7,2,16.9,80.5,24.08,882.21,4.1,1
2025-06-04,Wednesday,21,Dinner,Cloudy,1,45,7,3,26.7,86.2,20.14,1105.32,3.6,3
2025-01-01,Wednesday,19,Dinner,Cloudy,0,25,4,2,21.9,78.0,21.26,267.92,2.8,0
2025-05-14,Wednesday,19,Dinner,Rainy,0,33,6,2,15.9,73.6,18.74,828.92,3.9,1
2025-04-05,Saturday,11,Lunch,Sunny,0,45,7,3,28.2,74.2,27.01,1201.36,3.5,1
